0,1,2,0
1,10022,10025,1
2,10022,10025,1
56,10022,10025,1
57,10022,10025,0
3,10022,10053,1
58,10022,10053,0
4,10022,10054,1
59,10022,10054,0
5,10022,10055,1
6,10022,10055,1
60,10022,10055,1
61,10022,10055,0
7,10022,10056,1
62,10022,10056,0
8,10022,10057,1
63,10022,10057,0
9,10022,10058,1
10,10022,10058,1
64,10022,10058,1
65,10022,10058,0
11,10022,10059,1
66,10022,10059,0
12,10022,10060,1
67,10022,10060,0
13,10022,10061,1
68,10022,10061,0
14,10022,10196,1
69,10022,10196,0
15,10022,10197,1
70,10022,10197,0
16,10022,10198,1
71,10022,10198,0
17,10022,10199,1
72,10022,10199,0
18,10022,10200,1
19,10022,10200,1
73,10022,10200,1
74,10022,10200,0
20,10022,10201,1
75,10022,10201,0
21,10022,10202,1
22,10022,10202,1
76,10022,10202,1
77,10022,10202,0
23,10022,10203,1
24,10022,10203,1
78,10022,10203,1
79,10022,10203,0
25,10022,10204,1
80,10022,10204,0
26,10022,10205,1
27,10022,10205,1
81,10022,10205,1
82,10022,10205,0
55,10022,10206,1
110,10022,10206,0
54,10022,10207,1
109,10022,10207,0
28,10022,10211,1
29,10022,10211,1
83,10022,10211,1
84,10022,10211,0
30,10022,10213,1
31,10022,10213,1
85,10022,10213,1
86,10022,10213,0
32,10022,10294,1
33,10022,10294,1
87,10022,10294,1
88,10022,10294,0
34,10022,10312,1
89,10022,10312,0
35,10022,10313,1
90,10022,10313,0
36,10022,10314,1
91,10022,10314,0
37,10022,10315,1
92,10022,10315,0
38,10022,10316,1
93,10022,10316,0
39,10022,10317,1
94,10022,10317,0
40,10022,10330,1
95,10022,10330,0
41,10022,10331,1
96,10022,10331,0
42,10022,10332,1
97,10022,10332,0
43,10022,10336,1
98,10022,10336,0
44,10022,10337,1
99,10022,10337,0
45,10022,10338,1
100,10022,10338,0
46,10022,10339,1
47,10022,10339,1
101,10022,10339,1
102,10022,10339,0
48,10022,10340,1
103,10022,10340,0
49,10022,10342,1
104,10022,10342,0
50,10022,10343,1
105,10022,10343,0
51,10022,10344,1
106,10022,10344,0
52,10022,10345,1
107,10022,10345,0
53,10022,10398,1
108,10022,10398,0
111,10025,10022,1
112,10025,10022,1
166,10025,10022,1
167,10025,10022,0
113,10025,10053,1
168,10025,10053,0
114,10025,10054,1
169,10025,10054,0
115,10025,10055,1
116,10025,10055,1
170,10025,10055,1
171,10025,10055,0
117,10025,10056,1
172,10025,10056,0
118,10025,10057,1
173,10025,10057,0
119,10025,10058,1
120,10025,10058,1
174,10025,10058,1
175,10025,10058,0
121,10025,10059,1
176,10025,10059,0
122,10025,10060,1
177,10025,10060,0
123,10025,10061,1
178,10025,10061,0
124,10025,10196,1
179,10025,10196,0
125,10025,10197,1
180,10025,10197,0
126,10025,10198,1
181,10025,10198,0
127,10025,10199,1
182,10025,10199,0
128,10025,10200,1
129,10025,10200,1
183,10025,10200,1
184,10025,10200,0
130,10025,10201,1
185,10025,10201,0
131,10025,10202,1
132,10025,10202,1
186,10025,10202,1
187,10025,10202,0
133,10025,10203,1
134,10025,10203,1
188,10025,10203,1
189,10025,10203,0
135,10025,10204,1
190,10025,10204,0
136,10025,10205,1
137,10025,10205,1
191,10025,10205,1
192,10025,10205,0
165,10025,10206,1
220,10025,10206,0
164,10025,10207,1
219,10025,10207,0
138,10025,10211,1
139,10025,10211,1
193,10025,10211,1
194,10025,10211,0
140,10025,10213,1
141,10025,10213,1
195,10025,10213,1
196,10025,10213,0
142,10025,10294,1
143,10025,10294,1
197,10025,10294,1
198,10025,10294,0
144,10025,10312,1
199,10025,10312,0
145,10025,10313,1
200,10025,10313,0
146,10025,10314,1
201,10025,10314,0
147,10025,10315,1
202,10025,10315,0
148,10025,10316,1
203,10025,10316,0
149,10025,10317,1
204,10025,10317,0
150,10025,10330,1
205,10025,10330,0
151,10025,10331,1
206,10025,10331,0
152,10025,10332,1
207,10025,10332,0
153,10025,10336,1
208,10025,10336,0
154,10025,10337,1
209,10025,10337,0
155,10025,10338,1
210,10025,10338,0
156,10025,10339,1
157,10025,10339,1
211,10025,10339,1
212,10025,10339,0
158,10025,10340,1
213,10025,10340,0
159,10025,10342,1
214,10025,10342,0
160,10025,10343,1
215,10025,10343,0
161,10025,10344,1
216,10025,10344,0
162,10025,10345,1
217,10025,10345,0
163,10025,10398,1
218,10025,10398,0
221,10053,10022,1
222,10053,10022,0
223,10053,10025,1
224,10053,10025,0
225,10053,10054,0
226,10053,10055,1
227,10053,10055,0
228,10053,10056,0
229,10053,10057,0
230,10053,10058,1
231,10053,10058,0
232,10053,10059,0
233,10053,10060,0
234,10053,10061,0
235,10053,10196,0
236,10053,10197,0
237,10053,10198,0
238,10053,10199,0
239,10053,10200,1
240,10053,10200,0
241,10053,10201,0
242,10053,10202,1
243,10053,10202,0
244,10053,10203,1
245,10053,10203,0
246,10053,10204,0
247,10053,10205,1
248,10053,10205,0
276,10053,10206,0
275,10053,10207,0
249,10053,10211,1
250,10053,10211,0
251,10053,10213,1
252,10053,10213,0
253,10053,10294,1
254,10053,10294,0
255,10053,10312,0
256,10053,10313,0
257,10053,10314,0
258,10053,10315,0
259,10053,10316,0
260,10053,10317,0
261,10053,10330,0
262,10053,10331,0
263,10053,10332,0
264,10053,10336,0
265,10053,10337,0
266,10053,10338,0
267,10053,10339,1
268,10053,10339,0
269,10053,10340,0
270,10053,10342,0
271,10053,10343,0
272,10053,10344,0
273,10053,10345,0
274,10053,10398,0
277,10054,10022,1
278,10054,10022,0
279,10054,10025,1
280,10054,10025,0
281,10054,10053,0
282,10054,10055,1
283,10054,10055,0
284,10054,10056,0
285,10054,10057,0
286,10054,10058,1
287,10054,10058,0
288,10054,10059,0
289,10054,10060,0
290,10054,10061,0
291,10054,10196,0
292,10054,10197,0
293,10054,10198,0
294,10054,10199,0
295,10054,10200,1
296,10054,10200,0
297,10054,10201,0
298,10054,10202,1
299,10054,10202,0
300,10054,10203,1
301,10054,10203,0
302,10054,10204,0
303,10054,10205,1
304,10054,10205,0
332,10054,10206,0
331,10054,10207,0
305,10054,10211,1
306,10054,10211,0
307,10054,10213,1
308,10054,10213,0
309,10054,10294,1
310,10054,10294,0
311,10054,10312,0
312,10054,10313,0
313,10054,10314,0
314,10054,10315,0
315,10054,10316,0
316,10054,10317,0
317,10054,10330,0
318,10054,10331,0
319,10054,10332,0
320,10054,10336,0
321,10054,10337,0
322,10054,10338,0
323,10054,10339,1
324,10054,10339,0
325,10054,10340,0
326,10054,10342,0
327,10054,10343,0
328,10054,10344,0
329,10054,10345,0
330,10054,10398,0
333,10055,10022,1
334,10055,10022,1
388,10055,10022,1
389,10055,10022,0
335,10055,10025,1
336,10055,10025,1
390,10055,10025,1
391,10055,10025,0
337,10055,10053,1
392,10055,10053,0
338,10055,10054,1
393,10055,10054,0
339,10055,10056,1
394,10055,10056,0
340,10055,10057,1
395,10055,10057,0
341,10055,10058,1
342,10055,10058,1
396,10055,10058,1
397,10055,10058,0
343,10055,10059,1
398,10055,10059,0
344,10055,10060,1
399,10055,10060,0
345,10055,10061,1
400,10055,10061,0
346,10055,10196,1
401,10055,10196,0
347,10055,10197,1
402,10055,10197,0
348,10055,10198,1
403,10055,10198,0
349,10055,10199,1
404,10055,10199,0
350,10055,10200,1
351,10055,10200,1
405,10055,10200,1
406,10055,10200,0
352,10055,10201,1
407,10055,10201,0
353,10055,10202,1
354,10055,10202,1
408,10055,10202,1
409,10055,10202,0
355,10055,10203,1
356,10055,10203,1
410,10055,10203,1
411,10055,10203,0
357,10055,10204,1
412,10055,10204,0
358,10055,10205,1
359,10055,10205,1
413,10055,10205,1
414,10055,10205,0
387,10055,10206,1
442,10055,10206,0
386,10055,10207,1
441,10055,10207,0
360,10055,10211,1
361,10055,10211,1
415,10055,10211,1
416,10055,10211,0
362,10055,10213,1
363,10055,10213,1
417,10055,10213,1
418,10055,10213,0
364,10055,10294,1
365,10055,10294,1
419,10055,10294,1
420,10055,10294,0
366,10055,10312,1
421,10055,10312,0
367,10055,10313,1
422,10055,10313,0
368,10055,10314,1
423,10055,10314,0
369,10055,10315,1
424,10055,10315,0
370,10055,10316,1
425,10055,10316,0
371,10055,10317,1
426,10055,10317,0
372,10055,10330,1
427,10055,10330,0
373,10055,10331,1
428,10055,10331,0
374,10055,10332,1
429,10055,10332,0
375,10055,10336,1
430,10055,10336,0
376,10055,10337,1
431,10055,10337,0
377,10055,10338,1
432,10055,10338,0
378,10055,10339,1
379,10055,10339,1
433,10055,10339,1
434,10055,10339,0
380,10055,10340,1
435,10055,10340,0
381,10055,10342,1
436,10055,10342,0
382,10055,10343,1
437,10055,10343,0
383,10055,10344,1
438,10055,10344,0
384,10055,10345,1
439,10055,10345,0
385,10055,10398,1
440,10055,10398,0
443,10056,10022,1
444,10056,10022,0
445,10056,10025,1
446,10056,10025,0
447,10056,10053,0
448,10056,10054,0
449,10056,10055,1
450,10056,10055,0
451,10056,10057,0
452,10056,10058,1
453,10056,10058,0
454,10056,10059,0
455,10056,10060,0
456,10056,10061,0
457,10056,10196,0
458,10056,10197,0
459,10056,10198,0
460,10056,10199,0
461,10056,10200,1
462,10056,10200,0
463,10056,10201,0
464,10056,10202,1
465,10056,10202,0
466,10056,10203,1
467,10056,10203,0
468,10056,10204,0
469,10056,10205,1
470,10056,10205,0
498,10056,10206,0
497,10056,10207,0
471,10056,10211,1
472,10056,10211,0
473,10056,10213,1
474,10056,10213,0
475,10056,10294,1
476,10056,10294,0
477,10056,10312,0
478,10056,10313,0
479,10056,10314,0
480,10056,10315,0
481,10056,10316,0
482,10056,10317,0
483,10056,10330,0
484,10056,10331,0
485,10056,10332,0
486,10056,10336,0
487,10056,10337,0
488,10056,10338,0
489,10056,10339,1
490,10056,10339,0
491,10056,10340,0
492,10056,10342,0
493,10056,10343,0
494,10056,10344,0
495,10056,10345,0
496,10056,10398,0
499,10057,10022,1
500,10057,10022,0
501,10057,10025,1
502,10057,10025,0
503,10057,10053,0
504,10057,10054,0
505,10057,10055,1
506,10057,10055,0
507,10057,10056,0
508,10057,10058,1
509,10057,10058,0
510,10057,10059,0
511,10057,10060,0
512,10057,10061,0
513,10057,10196,0
514,10057,10197,0
515,10057,10198,0
516,10057,10199,0
517,10057,10200,1
518,10057,10200,0
519,10057,10201,0
520,10057,10202,1
521,10057,10202,0
522,10057,10203,1
523,10057,10203,0
524,10057,10204,0
525,10057,10205,1
526,10057,10205,0
554,10057,10206,0
553,10057,10207,0
527,10057,10211,1
528,10057,10211,0
529,10057,10213,1
530,10057,10213,0
531,10057,10294,1
532,10057,10294,0
533,10057,10312,0
534,10057,10313,0
535,10057,10314,0
536,10057,10315,0
537,10057,10316,0
538,10057,10317,0
539,10057,10330,0
540,10057,10331,0
541,10057,10332,0
542,10057,10336,0
543,10057,10337,0
544,10057,10338,0
545,10057,10339,1
546,10057,10339,0
547,10057,10340,0
548,10057,10342,0
549,10057,10343,0
550,10057,10344,0
551,10057,10345,0
552,10057,10398,0
555,10058,10022,1
556,10058,10022,1
610,10058,10022,1
611,10058,10022,0
557,10058,10025,1
558,10058,10025,1
612,10058,10025,1
613,10058,10025,0
559,10058,10053,1
614,10058,10053,0
560,10058,10054,1
615,10058,10054,0
561,10058,10055,1
562,10058,10055,1
616,10058,10055,1
617,10058,10055,0
563,10058,10056,1
618,10058,10056,0
564,10058,10057,1
619,10058,10057,0
565,10058,10059,1
620,10058,10059,0
566,10058,10060,1
621,10058,10060,0
567,10058,10061,1
622,10058,10061,0
568,10058,10196,1
623,10058,10196,0
569,10058,10197,1
624,10058,10197,0
570,10058,10198,1
625,10058,10198,0
571,10058,10199,1
626,10058,10199,0
572,10058,10200,1
573,10058,10200,1
627,10058,10200,1
628,10058,10200,0
574,10058,10201,1
629,10058,10201,0
575,10058,10202,1
576,10058,10202,1
630,10058,10202,1
631,10058,10202,0
577,10058,10203,1
578,10058,10203,1
632,10058,10203,1
633,10058,10203,0
579,10058,10204,1
634,10058,10204,0
580,10058,10205,1
581,10058,10205,1
635,10058,10205,1
636,10058,10205,0
609,10058,10206,1
664,10058,10206,0
608,10058,10207,1
663,10058,10207,0
582,10058,10211,1
583,10058,10211,1
637,10058,10211,1
638,10058,10211,0
584,10058,10213,1
585,10058,10213,1
639,10058,10213,1
640,10058,10213,0
586,10058,10294,1
587,10058,10294,1
641,10058,10294,1
642,10058,10294,0
588,10058,10312,1
643,10058,10312,0
589,10058,10313,1
644,10058,10313,0
590,10058,10314,1
645,10058,10314,0
591,10058,10315,1
646,10058,10315,0
592,10058,10316,1
647,10058,10316,0
593,10058,10317,1
648,10058,10317,0
594,10058,10330,1
649,10058,10330,0
595,10058,10331,1
650,10058,10331,0
596,10058,10332,1
651,10058,10332,0
597,10058,10336,1
652,10058,10336,0
598,10058,10337,1
653,10058,10337,0
599,10058,10338,1
654,10058,10338,0
600,10058,10339,1
601,10058,10339,1
655,10058,10339,1
656,10058,10339,0
602,10058,10340,1
657,10058,10340,0
603,10058,10342,1
658,10058,10342,0
604,10058,10343,1
659,10058,10343,0
605,10058,10344,1
660,10058,10344,0
606,10058,10345,1
661,10058,10345,0
607,10058,10398,1
662,10058,10398,0
665,10059,10022,1
666,10059,10022,0
667,10059,10025,1
668,10059,10025,0
669,10059,10053,0
670,10059,10054,0
671,10059,10055,1
672,10059,10055,0
673,10059,10056,0
674,10059,10057,0
675,10059,10058,1
676,10059,10058,0
677,10059,10060,0
678,10059,10061,0
679,10059,10196,0
680,10059,10197,0
681,10059,10198,0
682,10059,10199,0
683,10059,10200,1
684,10059,10200,0
685,10059,10201,0
686,10059,10202,1
687,10059,10202,0
688,10059,10203,1
689,10059,10203,0
690,10059,10204,0
691,10059,10205,1
692,10059,10205,0
720,10059,10206,0
719,10059,10207,0
693,10059,10211,1
694,10059,10211,0
695,10059,10213,1
696,10059,10213,0
697,10059,10294,1
698,10059,10294,0
699,10059,10312,0
700,10059,10313,0
701,10059,10314,0
702,10059,10315,0
703,10059,10316,0
704,10059,10317,0
705,10059,10330,0
706,10059,10331,0
707,10059,10332,0
708,10059,10336,0
709,10059,10337,0
710,10059,10338,0
711,10059,10339,1
712,10059,10339,0
713,10059,10340,0
714,10059,10342,0
715,10059,10343,0
716,10059,10344,0
717,10059,10345,0
718,10059,10398,0
721,10060,10022,1
722,10060,10022,0
723,10060,10025,1
724,10060,10025,0
725,10060,10053,0
726,10060,10054,0
727,10060,10055,1
728,10060,10055,0
729,10060,10056,0
730,10060,10057,0
731,10060,10058,1
732,10060,10058,0
733,10060,10059,0
734,10060,10061,0
735,10060,10196,0
736,10060,10197,0
737,10060,10198,0
738,10060,10199,0
739,10060,10200,1
740,10060,10200,0
741,10060,10201,0
742,10060,10202,1
743,10060,10202,0
744,10060,10203,1
745,10060,10203,0
746,10060,10204,0
747,10060,10205,1
748,10060,10205,0
776,10060,10206,0
775,10060,10207,0
749,10060,10211,1
750,10060,10211,0
751,10060,10213,1
752,10060,10213,0
753,10060,10294,1
754,10060,10294,0
755,10060,10312,0
756,10060,10313,0
757,10060,10314,0
758,10060,10315,0
759,10060,10316,0
760,10060,10317,0
761,10060,10330,0
762,10060,10331,0
763,10060,10332,0
764,10060,10336,0
765,10060,10337,0
766,10060,10338,0
767,10060,10339,1
768,10060,10339,0
769,10060,10340,0
770,10060,10342,0
771,10060,10343,0
772,10060,10344,0
773,10060,10345,0
774,10060,10398,0
777,10061,10022,1
778,10061,10022,0
779,10061,10025,1
780,10061,10025,0
781,10061,10053,0
782,10061,10054,0
783,10061,10055,1
784,10061,10055,0
785,10061,10056,0
786,10061,10057,0
787,10061,10058,1
788,10061,10058,0
789,10061,10059,0
790,10061,10060,0
791,10061,10196,0
792,10061,10197,0
793,10061,10198,0
794,10061,10199,0
795,10061,10200,1
796,10061,10200,0
797,10061,10201,0
798,10061,10202,1
799,10061,10202,0
800,10061,10203,1
801,10061,10203,0
802,10061,10204,0
803,10061,10205,1
804,10061,10205,0
832,10061,10206,0
831,10061,10207,0
805,10061,10211,1
806,10061,10211,0
807,10061,10213,1
808,10061,10213,0
809,10061,10294,1
810,10061,10294,0
811,10061,10312,0
812,10061,10313,0
813,10061,10314,0
814,10061,10315,0
815,10061,10316,0
816,10061,10317,0
817,10061,10330,0
818,10061,10331,0
819,10061,10332,0
820,10061,10336,0
821,10061,10337,0
822,10061,10338,0
823,10061,10339,1
824,10061,10339,0
825,10061,10340,0
826,10061,10342,0
827,10061,10343,0
828,10061,10344,0
829,10061,10345,0
830,10061,10398,0
833,10196,10022,1
834,10196,10022,0
835,10196,10025,1
836,10196,10025,0
837,10196,10053,0
838,10196,10054,0
839,10196,10055,1
840,10196,10055,0
841,10196,10056,0
842,10196,10057,0
843,10196,10058,1
844,10196,10058,0
845,10196,10059,0
846,10196,10060,0
847,10196,10061,0
848,10196,10197,0
849,10196,10198,0
850,10196,10199,0
851,10196,10200,1
852,10196,10200,0
853,10196,10201,0
854,10196,10202,1
855,10196,10202,0
856,10196,10203,1
857,10196,10203,0
858,10196,10204,0
859,10196,10205,1
860,10196,10205,0
888,10196,10206,0
887,10196,10207,0
861,10196,10211,1
862,10196,10211,0
863,10196,10213,1
864,10196,10213,0
865,10196,10294,1
866,10196,10294,0
867,10196,10312,0
868,10196,10313,0
869,10196,10314,0
870,10196,10315,0
871,10196,10316,0
872,10196,10317,0
873,10196,10330,0
874,10196,10331,0
875,10196,10332,0
876,10196,10336,0
877,10196,10337,0
878,10196,10338,0
879,10196,10339,1
880,10196,10339,0
881,10196,10340,0
882,10196,10342,0
883,10196,10343,0
884,10196,10344,0
885,10196,10345,0
886,10196,10398,0
889,10197,10022,1
890,10197,10022,0
891,10197,10025,1
892,10197,10025,0
893,10197,10053,0
894,10197,10054,0
895,10197,10055,1
896,10197,10055,0
897,10197,10056,0
898,10197,10057,0
899,10197,10058,1
900,10197,10058,0
901,10197,10059,0
902,10197,10060,0
903,10197,10061,0
904,10197,10196,0
905,10197,10198,0
906,10197,10199,0
907,10197,10200,1
908,10197,10200,0
909,10197,10201,0
910,10197,10202,1
911,10197,10202,0
912,10197,10203,1
913,10197,10203,0
914,10197,10204,0
915,10197,10205,1
916,10197,10205,0
944,10197,10206,0
943,10197,10207,0
917,10197,10211,1
918,10197,10211,0
919,10197,10213,1
920,10197,10213,0
921,10197,10294,1
922,10197,10294,0
923,10197,10312,0
924,10197,10313,0
925,10197,10314,0
926,10197,10315,0
927,10197,10316,0
928,10197,10317,0
929,10197,10330,0
930,10197,10331,0
931,10197,10332,0
932,10197,10336,0
933,10197,10337,0
934,10197,10338,0
935,10197,10339,1
936,10197,10339,0
937,10197,10340,0
938,10197,10342,0
939,10197,10343,0
940,10197,10344,0
941,10197,10345,0
942,10197,10398,0
945,10198,10022,1
946,10198,10022,0
947,10198,10025,1
948,10198,10025,0
949,10198,10053,0
950,10198,10054,0
951,10198,10055,1
952,10198,10055,0
953,10198,10056,0
954,10198,10057,0
955,10198,10058,1
956,10198,10058,0
957,10198,10059,0
958,10198,10060,0
959,10198,10061,0
960,10198,10196,0
961,10198,10197,0
962,10198,10199,0
963,10198,10200,1
964,10198,10200,0
965,10198,10201,0
966,10198,10202,1
967,10198,10202,0
968,10198,10203,1
969,10198,10203,0
970,10198,10204,0
971,10198,10205,1
972,10198,10205,0
1000,10198,10206,0
999,10198,10207,0
973,10198,10211,1
974,10198,10211,0
975,10198,10213,1
976,10198,10213,0
977,10198,10294,1
978,10198,10294,0
979,10198,10312,0
980,10198,10313,0
981,10198,10314,0
982,10198,10315,0
983,10198,10316,0
984,10198,10317,0
985,10198,10330,0
986,10198,10331,0
987,10198,10332,0
988,10198,10336,0
989,10198,10337,0
990,10198,10338,0
991,10198,10339,1
992,10198,10339,0
993,10198,10340,0
994,10198,10342,0
995,10198,10343,0
996,10198,10344,0
997,10198,10345,0
998,10198,10398,0
1001,10199,10022,1
1002,10199,10022,0
1003,10199,10025,1
1004,10199,10025,0
1005,10199,10053,0
1006,10199,10054,0
1007,10199,10055,1
1008,10199,10055,0
1009,10199,10056,0
1010,10199,10057,0
1011,10199,10058,1
1012,10199,10058,0
1013,10199,10059,0
1014,10199,10060,0
1015,10199,10061,0
1016,10199,10196,0
1017,10199,10197,0
1018,10199,10198,0
1019,10199,10200,1
1020,10199,10200,0
1021,10199,10201,0
1022,10199,10202,1
1023,10199,10202,0
1024,10199,10203,1
1025,10199,10203,0
1026,10199,10204,0
1027,10199,10205,1
1028,10199,10205,0
1056,10199,10206,0
1055,10199,10207,0
1029,10199,10211,1
1030,10199,10211,0
1031,10199,10213,1
1032,10199,10213,0
1033,10199,10294,1
1034,10199,10294,0
1035,10199,10312,0
1036,10199,10313,0
1037,10199,10314,0
1038,10199,10315,0
1039,10199,10316,0
1040,10199,10317,0
1041,10199,10330,0
1042,10199,10331,0
1043,10199,10332,0
1044,10199,10336,0
1045,10199,10337,0
1046,10199,10338,0
1047,10199,10339,1
1048,10199,10339,0
1049,10199,10340,0
1050,10199,10342,0
1051,10199,10343,0
1052,10199,10344,0
1053,10199,10345,0
1054,10199,10398,0
1057,10200,10022,1
1058,10200,10022,1
1112,10200,10022,1
1113,10200,10022,0
1059,10200,10025,1
1060,10200,10025,1
1114,10200,10025,1
1115,10200,10025,0
1061,10200,10053,1
1116,10200,10053,0
1062,10200,10054,1
1117,10200,10054,0
1063,10200,10055,1
1064,10200,10055,1
1118,10200,10055,1
1119,10200,10055,0
1065,10200,10056,1
1120,10200,10056,0
1066,10200,10057,1
1121,10200,10057,0
1067,10200,10058,1
1068,10200,10058,1
1122,10200,10058,1
1123,10200,10058,0
1069,10200,10059,1
1124,10200,10059,0
1070,10200,10060,1
1125,10200,10060,0
1071,10200,10061,1
1126,10200,10061,0
1072,10200,10196,1
1127,10200,10196,0
1073,10200,10197,1
1128,10200,10197,0
1074,10200,10198,1
1129,10200,10198,0
1075,10200,10199,1
1130,10200,10199,0
1076,10200,10201,1
1131,10200,10201,0
1077,10200,10202,1
1078,10200,10202,1
1132,10200,10202,1
1133,10200,10202,0
1079,10200,10203,1
1080,10200,10203,1
1134,10200,10203,1
1135,10200,10203,0
1081,10200,10204,1
1136,10200,10204,0
1082,10200,10205,1
1083,10200,10205,1
1137,10200,10205,1
1138,10200,10205,0
1111,10200,10206,1
1166,10200,10206,0
1110,10200,10207,1
1165,10200,10207,0
1084,10200,10211,1
1085,10200,10211,1
1139,10200,10211,1
1140,10200,10211,0
1086,10200,10213,1
1087,10200,10213,1
1141,10200,10213,1
1142,10200,10213,0
1088,10200,10294,1
1089,10200,10294,1
1143,10200,10294,1
1144,10200,10294,0
1090,10200,10312,1
1145,10200,10312,0
1091,10200,10313,1
1146,10200,10313,0
1092,10200,10314,1
1147,10200,10314,0
1093,10200,10315,1
1148,10200,10315,0
1094,10200,10316,1
1149,10200,10316,0
1095,10200,10317,1
1150,10200,10317,0
1096,10200,10330,1
1151,10200,10330,0
1097,10200,10331,1
1152,10200,10331,0
1098,10200,10332,1
1153,10200,10332,0
1099,10200,10336,1
1154,10200,10336,0
1100,10200,10337,1
1155,10200,10337,0
1101,10200,10338,1
1156,10200,10338,0
1102,10200,10339,1
1103,10200,10339,1
1157,10200,10339,1
1158,10200,10339,0
1104,10200,10340,1
1159,10200,10340,0
1105,10200,10342,1
1160,10200,10342,0
1106,10200,10343,1
1161,10200,10343,0
1107,10200,10344,1
1162,10200,10344,0
1108,10200,10345,1
1163,10200,10345,0
1109,10200,10398,1
1164,10200,10398,0
1167,10201,10022,1
1168,10201,10022,0
1169,10201,10025,1
1170,10201,10025,0
1171,10201,10053,0
1172,10201,10054,0
1173,10201,10055,1
1174,10201,10055,0
1175,10201,10056,0
1176,10201,10057,0
1177,10201,10058,1
1178,10201,10058,0
1179,10201,10059,0
1180,10201,10060,0
1181,10201,10061,0
1182,10201,10196,0
1183,10201,10197,0
1184,10201,10198,0
1185,10201,10199,0
1186,10201,10200,1
1187,10201,10200,0
1188,10201,10202,1
1189,10201,10202,0
1190,10201,10203,1
1191,10201,10203,0
1192,10201,10204,0
1193,10201,10205,1
1194,10201,10205,0
1222,10201,10206,0
1221,10201,10207,0
1195,10201,10211,1
1196,10201,10211,0
1197,10201,10213,1
1198,10201,10213,0
1199,10201,10294,1
1200,10201,10294,0
1201,10201,10312,0
1202,10201,10313,0
1203,10201,10314,0
1204,10201,10315,0
1205,10201,10316,0
1206,10201,10317,0
1207,10201,10330,0
1208,10201,10331,0
1209,10201,10332,0
1210,10201,10336,0
1211,10201,10337,0
1212,10201,10338,0
1213,10201,10339,1
1214,10201,10339,0
1215,10201,10340,0
1216,10201,10342,0
1217,10201,10343,0
1218,10201,10344,0
1219,10201,10345,0
1220,10201,10398,0
1223,10202,10022,1
1224,10202,10022,1
1278,10202,10022,1
1279,10202,10022,0
1225,10202,10025,1
1226,10202,10025,1
1280,10202,10025,1
1281,10202,10025,0
1227,10202,10053,1
1282,10202,10053,0
1228,10202,10054,1
1283,10202,10054,0
1229,10202,10055,1
1230,10202,10055,1
1284,10202,10055,1
1285,10202,10055,0
1231,10202,10056,1
1286,10202,10056,0
1232,10202,10057,1
1287,10202,10057,0
1233,10202,10058,1
1234,10202,10058,1
1288,10202,10058,1
1289,10202,10058,0
1235,10202,10059,1
1290,10202,10059,0
1236,10202,10060,1
1291,10202,10060,0
1237,10202,10061,1
1292,10202,10061,0
1238,10202,10196,1
1293,10202,10196,0
1239,10202,10197,1
1294,10202,10197,0
1240,10202,10198,1
1295,10202,10198,0
1241,10202,10199,1
1296,10202,10199,0
1242,10202,10200,1
1243,10202,10200,1
1297,10202,10200,1
1298,10202,10200,0
1244,10202,10201,1
1299,10202,10201,0
1245,10202,10203,1
1246,10202,10203,1
1300,10202,10203,1
1301,10202,10203,0
1247,10202,10204,1
1302,10202,10204,0
1248,10202,10205,1
1249,10202,10205,1
1303,10202,10205,1
1304,10202,10205,0
1277,10202,10206,1
1332,10202,10206,0
1276,10202,10207,1
1331,10202,10207,0
1250,10202,10211,1
1251,10202,10211,1
1305,10202,10211,1
1306,10202,10211,0
1252,10202,10213,1
1253,10202,10213,1
1307,10202,10213,1
1308,10202,10213,0
1254,10202,10294,1
1255,10202,10294,1
1309,10202,10294,1
1310,10202,10294,0
1256,10202,10312,1
1311,10202,10312,0
1257,10202,10313,1
1312,10202,10313,0
1258,10202,10314,1
1313,10202,10314,0
1259,10202,10315,1
1314,10202,10315,0
1260,10202,10316,1
1315,10202,10316,0
1261,10202,10317,1
1316,10202,10317,0
1262,10202,10330,1
1317,10202,10330,0
1263,10202,10331,1
1318,10202,10331,0
1264,10202,10332,1
1319,10202,10332,0
1265,10202,10336,1
1320,10202,10336,0
1266,10202,10337,1
1321,10202,10337,0
1267,10202,10338,1
1322,10202,10338,0
1268,10202,10339,1
1269,10202,10339,1
1323,10202,10339,1
1324,10202,10339,0
1270,10202,10340,1
1325,10202,10340,0
1271,10202,10342,1
1326,10202,10342,0
1272,10202,10343,1
1327,10202,10343,0
1273,10202,10344,1
1328,10202,10344,0
1274,10202,10345,1
1329,10202,10345,0
1275,10202,10398,1
1330,10202,10398,0
1333,10203,10022,1
1334,10203,10022,1
1388,10203,10022,1
1389,10203,10022,0
1335,10203,10025,1
1336,10203,10025,1
1390,10203,10025,1
1391,10203,10025,0
1337,10203,10053,1
1392,10203,10053,0
1338,10203,10054,1
1393,10203,10054,0
1339,10203,10055,1
1340,10203,10055,1
1394,10203,10055,1
1395,10203,10055,0
1341,10203,10056,1
1396,10203,10056,0
1342,10203,10057,1
1397,10203,10057,0
1343,10203,10058,1
1344,10203,10058,1
1398,10203,10058,1
1399,10203,10058,0
1345,10203,10059,1
1400,10203,10059,0
1346,10203,10060,1
1401,10203,10060,0
1347,10203,10061,1
1402,10203,10061,0
1348,10203,10196,1
1403,10203,10196,0
1349,10203,10197,1
1404,10203,10197,0
1350,10203,10198,1
1405,10203,10198,0
1351,10203,10199,1
1406,10203,10199,0
1352,10203,10200,1
1353,10203,10200,1
1407,10203,10200,1
1408,10203,10200,0
1354,10203,10201,1
1409,10203,10201,0
1355,10203,10202,1
1356,10203,10202,1
1410,10203,10202,1
1411,10203,10202,0
1357,10203,10204,1
1412,10203,10204,0
1358,10203,10205,1
1359,10203,10205,1
1413,10203,10205,1
1414,10203,10205,0
1387,10203,10206,1
1442,10203,10206,0
1386,10203,10207,1
1441,10203,10207,0
1360,10203,10211,1
1361,10203,10211,1
1415,10203,10211,1
1416,10203,10211,0
1362,10203,10213,1
1363,10203,10213,1
1417,10203,10213,1
1418,10203,10213,0
1364,10203,10294,1
1365,10203,10294,1
1419,10203,10294,1
1420,10203,10294,0
1366,10203,10312,1
1421,10203,10312,0
1367,10203,10313,1
1422,10203,10313,0
1368,10203,10314,1
1423,10203,10314,0
1369,10203,10315,1
1424,10203,10315,0
1370,10203,10316,1
1425,10203,10316,0
1371,10203,10317,1
1426,10203,10317,0
1372,10203,10330,1
1427,10203,10330,0
1373,10203,10331,1
1428,10203,10331,0
1374,10203,10332,1
1429,10203,10332,0
1375,10203,10336,1
1430,10203,10336,0
1376,10203,10337,1
1431,10203,10337,0
1377,10203,10338,1
1432,10203,10338,0
1378,10203,10339,1
1379,10203,10339,1
1433,10203,10339,1
1434,10203,10339,0
1380,10203,10340,1
1435,10203,10340,0
1381,10203,10342,1
1436,10203,10342,0
1382,10203,10343,1
1437,10203,10343,0
1383,10203,10344,1
1438,10203,10344,0
1384,10203,10345,1
1439,10203,10345,0
1385,10203,10398,1
1440,10203,10398,0
1443,10204,10022,1
1444,10204,10022,0
1445,10204,10025,1
1446,10204,10025,0
1447,10204,10053,0
1448,10204,10054,0
1449,10204,10055,1
1450,10204,10055,0
1451,10204,10056,0
1452,10204,10057,0
1453,10204,10058,1
1454,10204,10058,0
1455,10204,10059,0
1456,10204,10060,0
1457,10204,10061,0
1458,10204,10196,0
1459,10204,10197,0
1460,10204,10198,0
1461,10204,10199,0
1462,10204,10200,1
1463,10204,10200,0
1464,10204,10201,0
1465,10204,10202,1
1466,10204,10202,0
1467,10204,10203,1
1468,10204,10203,0
1469,10204,10205,1
1470,10204,10205,0
1498,10204,10206,0
1497,10204,10207,0
1471,10204,10211,1
1472,10204,10211,0
1473,10204,10213,1
1474,10204,10213,0
1475,10204,10294,1
1476,10204,10294,0
1477,10204,10312,0
1478,10204,10313,0
1479,10204,10314,0
1480,10204,10315,0
1481,10204,10316,0
1482,10204,10317,0
1483,10204,10330,0
1484,10204,10331,0
1485,10204,10332,0
1486,10204,10336,0
1487,10204,10337,0
1488,10204,10338,0
1489,10204,10339,1
1490,10204,10339,0
1491,10204,10340,0
1492,10204,10342,0
1493,10204,10343,0
1494,10204,10344,0
1495,10204,10345,0
1496,10204,10398,0
1499,10205,10022,1
1500,10205,10022,1
1554,10205,10022,1
1555,10205,10022,0
1501,10205,10025,1
1502,10205,10025,1
1556,10205,10025,1
1557,10205,10025,0
1503,10205,10053,1
1558,10205,10053,0
1504,10205,10054,1
1559,10205,10054,0
1505,10205,10055,1
1506,10205,10055,1
1560,10205,10055,1
1561,10205,10055,0
1507,10205,10056,1
1562,10205,10056,0
1508,10205,10057,1
1563,10205,10057,0
1509,10205,10058,1
1510,10205,10058,1
1564,10205,10058,1
1565,10205,10058,0
1511,10205,10059,1
1566,10205,10059,0
1512,10205,10060,1
1567,10205,10060,0
1513,10205,10061,1
1568,10205,10061,0
1514,10205,10196,1
1569,10205,10196,0
1515,10205,10197,1
1570,10205,10197,0
1516,10205,10198,1
1571,10205,10198,0
1517,10205,10199,1
1572,10205,10199,0
1518,10205,10200,1
1519,10205,10200,1
1573,10205,10200,1
1574,10205,10200,0
1520,10205,10201,1
1575,10205,10201,0
1521,10205,10202,1
1522,10205,10202,1
1576,10205,10202,1
1577,10205,10202,0
1523,10205,10203,1
1524,10205,10203,1
1578,10205,10203,1
1579,10205,10203,0
1525,10205,10204,1
1580,10205,10204,0
1553,10205,10206,1
1608,10205,10206,0
1552,10205,10207,1
1607,10205,10207,0
1526,10205,10211,1
1527,10205,10211,1
1581,10205,10211,1
1582,10205,10211,0
1528,10205,10213,1
1529,10205,10213,1
1583,10205,10213,1
1584,10205,10213,0
1530,10205,10294,1
1531,10205,10294,1
1585,10205,10294,1
1586,10205,10294,0
1532,10205,10312,1
1587,10205,10312,0
1533,10205,10313,1
1588,10205,10313,0
1534,10205,10314,1
1589,10205,10314,0
1535,10205,10315,1
1590,10205,10315,0
1536,10205,10316,1
1591,10205,10316,0
1537,10205,10317,1
1592,10205,10317,0
1538,10205,10330,1
1593,10205,10330,0
1539,10205,10331,1
1594,10205,10331,0
1540,10205,10332,1
1595,10205,10332,0
1541,10205,10336,1
1596,10205,10336,0
1542,10205,10337,1
1597,10205,10337,0
1543,10205,10338,1
1598,10205,10338,0
1544,10205,10339,1
1545,10205,10339,1
1599,10205,10339,1
1600,10205,10339,0
1546,10205,10340,1
1601,10205,10340,0
1547,10205,10342,1
1602,10205,10342,0
1548,10205,10343,1
1603,10205,10343,0
1549,10205,10344,1
1604,10205,10344,0
1550,10205,10345,1
1605,10205,10345,0
1551,10205,10398,1
1606,10205,10398,0
3113,10206,10022,1
3114,10206,10022,0
3115,10206,10025,1
3116,10206,10025,0
3117,10206,10053,0
3118,10206,10054,0
3119,10206,10055,1
3120,10206,10055,0
3121,10206,10056,0
3122,10206,10057,0
3123,10206,10058,1
3124,10206,10058,0
3125,10206,10059,0
3126,10206,10060,0
3127,10206,10061,0
3128,10206,10196,0
3129,10206,10197,0
3130,10206,10198,0
3131,10206,10199,0
3132,10206,10200,1
3133,10206,10200,0
3134,10206,10201,0
3135,10206,10202,1
3136,10206,10202,0
3137,10206,10203,1
3138,10206,10203,0
3139,10206,10204,0
3140,10206,10205,1
3141,10206,10205,0
3168,10206,10207,0
3142,10206,10211,1
3143,10206,10211,0
3144,10206,10213,1
3145,10206,10213,0
3146,10206,10294,1
3147,10206,10294,0
3148,10206,10312,0
3149,10206,10313,0
3150,10206,10314,0
3151,10206,10315,0
3152,10206,10316,0
3153,10206,10317,0
3154,10206,10330,0
3155,10206,10331,0
3156,10206,10332,0
3157,10206,10336,0
3158,10206,10337,0
3159,10206,10338,0
3160,10206,10339,1
3161,10206,10339,0
3162,10206,10340,0
3163,10206,10342,0
3164,10206,10343,0
3165,10206,10344,0
3166,10206,10345,0
3167,10206,10398,0
3057,10207,10022,1
3058,10207,10022,0
3059,10207,10025,1
3060,10207,10025,0
3061,10207,10053,0
3062,10207,10054,0
3063,10207,10055,1
3064,10207,10055,0
3065,10207,10056,0
3066,10207,10057,0
3067,10207,10058,1
3068,10207,10058,0
3069,10207,10059,0
3070,10207,10060,0
3071,10207,10061,0
3072,10207,10196,0
3073,10207,10197,0
3074,10207,10198,0
3075,10207,10199,0
3076,10207,10200,1
3077,10207,10200,0
3078,10207,10201,0
3079,10207,10202,1
3080,10207,10202,0
3081,10207,10203,1
3082,10207,10203,0
3083,10207,10204,0
3084,10207,10205,1
3085,10207,10205,0
3112,10207,10206,0
3086,10207,10211,1
3087,10207,10211,0
3088,10207,10213,1
3089,10207,10213,0
3090,10207,10294,1
3091,10207,10294,0
3092,10207,10312,0
3093,10207,10313,0
3094,10207,10314,0
3095,10207,10315,0
3096,10207,10316,0
3097,10207,10317,0
3098,10207,10330,0
3099,10207,10331,0
3100,10207,10332,0
3101,10207,10336,0
3102,10207,10337,0
3103,10207,10338,0
3104,10207,10339,1
3105,10207,10339,0
3106,10207,10340,0
3107,10207,10342,0
3108,10207,10343,0
3109,10207,10344,0
3110,10207,10345,0
3111,10207,10398,0
1609,10211,10022,1
1610,10211,10022,1
1664,10211,10022,1
1665,10211,10022,0
1611,10211,10025,1
1612,10211,10025,1
1666,10211,10025,1
1667,10211,10025,0
1613,10211,10053,1
1668,10211,10053,0
1614,10211,10054,1
1669,10211,10054,0
1615,10211,10055,1
1616,10211,10055,1
1670,10211,10055,1
1671,10211,10055,0
1617,10211,10056,1
1672,10211,10056,0
1618,10211,10057,1
1673,10211,10057,0
1619,10211,10058,1
1620,10211,10058,1
1674,10211,10058,1
1675,10211,10058,0
1621,10211,10059,1
1676,10211,10059,0
1622,10211,10060,1
1677,10211,10060,0
1623,10211,10061,1
1678,10211,10061,0
1624,10211,10196,1
1679,10211,10196,0
1625,10211,10197,1
1680,10211,10197,0
1626,10211,10198,1
1681,10211,10198,0
1627,10211,10199,1
1682,10211,10199,0
1628,10211,10200,1
1629,10211,10200,1
1683,10211,10200,1
1684,10211,10200,0
1630,10211,10201,1
1685,10211,10201,0
1631,10211,10202,1
1632,10211,10202,1
1686,10211,10202,1
1687,10211,10202,0
1633,10211,10203,1
1634,10211,10203,1
1688,10211,10203,1
1689,10211,10203,0
1635,10211,10204,1
1690,10211,10204,0
1636,10211,10205,1
1637,10211,10205,1
1691,10211,10205,1
1692,10211,10205,0
1663,10211,10206,1
1718,10211,10206,0
1662,10211,10207,1
1717,10211,10207,0
1638,10211,10213,1
1639,10211,10213,1
1693,10211,10213,1
1694,10211,10213,0
1640,10211,10294,1
1641,10211,10294,1
1695,10211,10294,1
1696,10211,10294,0
1642,10211,10312,1
1697,10211,10312,0
1643,10211,10313,1
1698,10211,10313,0
1644,10211,10314,1
1699,10211,10314,0
1645,10211,10315,1
1700,10211,10315,0
1646,10211,10316,1
1701,10211,10316,0
1647,10211,10317,1
1702,10211,10317,0
1648,10211,10330,1
1703,10211,10330,0
1649,10211,10331,1
1704,10211,10331,0
1650,10211,10332,1
1705,10211,10332,0
1651,10211,10336,1
1706,10211,10336,0
1652,10211,10337,1
1707,10211,10337,0
1653,10211,10338,1
1708,10211,10338,0
1654,10211,10339,1
1655,10211,10339,1
1709,10211,10339,1
1710,10211,10339,0
1656,10211,10340,1
1711,10211,10340,0
1657,10211,10342,1
1712,10211,10342,0
1658,10211,10343,1
1713,10211,10343,0
1659,10211,10344,1
1714,10211,10344,0
1660,10211,10345,1
1715,10211,10345,0
1661,10211,10398,1
1716,10211,10398,0
1719,10213,10022,1
1720,10213,10022,1
1774,10213,10022,1
1775,10213,10022,0
1721,10213,10025,1
1722,10213,10025,1
1776,10213,10025,1
1777,10213,10025,0
1723,10213,10053,1
1778,10213,10053,0
1724,10213,10054,1
1779,10213,10054,0
1725,10213,10055,1
1726,10213,10055,1
1780,10213,10055,1
1781,10213,10055,0
1727,10213,10056,1
1782,10213,10056,0
1728,10213,10057,1
1783,10213,10057,0
1729,10213,10058,1
1730,10213,10058,1
1784,10213,10058,1
1785,10213,10058,0
1731,10213,10059,1
1786,10213,10059,0
1732,10213,10060,1
1787,10213,10060,0
1733,10213,10061,1
1788,10213,10061,0
1734,10213,10196,1
1789,10213,10196,0
1735,10213,10197,1
1790,10213,10197,0
1736,10213,10198,1
1791,10213,10198,0
1737,10213,10199,1
1792,10213,10199,0
1738,10213,10200,1
1739,10213,10200,1
1793,10213,10200,1
1794,10213,10200,0
1740,10213,10201,1
1795,10213,10201,0
1741,10213,10202,1
1742,10213,10202,1
1796,10213,10202,1
1797,10213,10202,0
1743,10213,10203,1
1744,10213,10203,1
1798,10213,10203,1
1799,10213,10203,0
1745,10213,10204,1
1800,10213,10204,0
1746,10213,10205,1
1747,10213,10205,1
1801,10213,10205,1
1802,10213,10205,0
1773,10213,10206,1
1828,10213,10206,0
1772,10213,10207,1
1827,10213,10207,0
1748,10213,10211,1
1749,10213,10211,1
1803,10213,10211,1
1804,10213,10211,0
1750,10213,10294,1
1751,10213,10294,1
1805,10213,10294,1
1806,10213,10294,0
1752,10213,10312,1
1807,10213,10312,0
1753,10213,10313,1
1808,10213,10313,0
1754,10213,10314,1
1809,10213,10314,0
1755,10213,10315,1
1810,10213,10315,0
1756,10213,10316,1
1811,10213,10316,0
1757,10213,10317,1
1812,10213,10317,0
1758,10213,10330,1
1813,10213,10330,0
1759,10213,10331,1
1814,10213,10331,0
1760,10213,10332,1
1815,10213,10332,0
1761,10213,10336,1
1816,10213,10336,0
1762,10213,10337,1
1817,10213,10337,0
1763,10213,10338,1
1818,10213,10338,0
1764,10213,10339,1
1765,10213,10339,1
1819,10213,10339,1
1820,10213,10339,0
1766,10213,10340,1
1821,10213,10340,0
1767,10213,10342,1
1822,10213,10342,0
1768,10213,10343,1
1823,10213,10343,0
1769,10213,10344,1
1824,10213,10344,0
1770,10213,10345,1
1825,10213,10345,0
1771,10213,10398,1
1826,10213,10398,0
1829,10294,10022,1
1830,10294,10022,1
1884,10294,10022,1
1885,10294,10022,0
1831,10294,10025,1
1832,10294,10025,1
1886,10294,10025,1
1887,10294,10025,0
1833,10294,10053,1
1888,10294,10053,0
1834,10294,10054,1
1889,10294,10054,0
1835,10294,10055,1
1836,10294,10055,1
1890,10294,10055,1
1891,10294,10055,0
1837,10294,10056,1
1892,10294,10056,0
1838,10294,10057,1
1893,10294,10057,0
1839,10294,10058,1
1840,10294,10058,1
1894,10294,10058,1
1895,10294,10058,0
1841,10294,10059,1
1896,10294,10059,0
1842,10294,10060,1
1897,10294,10060,0
1843,10294,10061,1
1898,10294,10061,0
1844,10294,10196,1
1899,10294,10196,0
1845,10294,10197,1
1900,10294,10197,0
1846,10294,10198,1
1901,10294,10198,0
1847,10294,10199,1
1902,10294,10199,0
1848,10294,10200,1
1849,10294,10200,1
1903,10294,10200,1
1904,10294,10200,0
1850,10294,10201,1
1905,10294,10201,0
1851,10294,10202,1
1852,10294,10202,1
1906,10294,10202,1
1907,10294,10202,0
1853,10294,10203,1
1854,10294,10203,1
1908,10294,10203,1
1909,10294,10203,0
1855,10294,10204,1
1910,10294,10204,0
1856,10294,10205,1
1857,10294,10205,1
1911,10294,10205,1
1912,10294,10205,0
1883,10294,10206,1
1938,10294,10206,0
1882,10294,10207,1
1937,10294,10207,0
1858,10294,10211,1
1859,10294,10211,1
1913,10294,10211,1
1914,10294,10211,0
1860,10294,10213,1
1861,10294,10213,1
1915,10294,10213,1
1916,10294,10213,0
1862,10294,10312,1
1917,10294,10312,0
1863,10294,10313,1
1918,10294,10313,0
1864,10294,10314,1
1919,10294,10314,0
1865,10294,10315,1
1920,10294,10315,0
1866,10294,10316,1
1921,10294,10316,0
1867,10294,10317,1
1922,10294,10317,0
1868,10294,10330,1
1923,10294,10330,0
1869,10294,10331,1
1924,10294,10331,0
1870,10294,10332,1
1925,10294,10332,0
1871,10294,10336,1
1926,10294,10336,0
1872,10294,10337,1
1927,10294,10337,0
1873,10294,10338,1
1928,10294,10338,0
1874,10294,10339,1
1875,10294,10339,1
1929,10294,10339,1
1930,10294,10339,0
1876,10294,10340,1
1931,10294,10340,0
1877,10294,10342,1
1932,10294,10342,0
1878,10294,10343,1
1933,10294,10343,0
1879,10294,10344,1
1934,10294,10344,0
1880,10294,10345,1
1935,10294,10345,0
1881,10294,10398,1
1936,10294,10398,0
1939,10312,10022,1
1940,10312,10022,0
1941,10312,10025,1
1942,10312,10025,0
1943,10312,10053,0
1944,10312,10054,0
1945,10312,10055,1
1946,10312,10055,0
1947,10312,10056,0
1948,10312,10057,0
1949,10312,10058,1
1950,10312,10058,0
1951,10312,10059,0
1952,10312,10060,0
1953,10312,10061,0
1954,10312,10196,0
1955,10312,10197,0
1956,10312,10198,0
1957,10312,10199,0
1958,10312,10200,1
1959,10312,10200,0
1960,10312,10201,0
1961,10312,10202,1
1962,10312,10202,0
1963,10312,10203,1
1964,10312,10203,0
1965,10312,10204,0
1966,10312,10205,1
1967,10312,10205,0
1994,10312,10206,0
1993,10312,10207,0
1968,10312,10211,1
1969,10312,10211,0
1970,10312,10213,1
1971,10312,10213,0
1972,10312,10294,1
1973,10312,10294,0
1974,10312,10313,0
1975,10312,10314,0
1976,10312,10315,0
1977,10312,10316,0
1978,10312,10317,0
1979,10312,10330,0
1980,10312,10331,0
1981,10312,10332,0
1982,10312,10336,0
1983,10312,10337,0
1984,10312,10338,0
1985,10312,10339,1
1986,10312,10339,0
1987,10312,10340,0
1988,10312,10342,0
1989,10312,10343,0
1990,10312,10344,0
1991,10312,10345,0
1992,10312,10398,0
1995,10313,10022,1
1996,10313,10022,0
1997,10313,10025,1
1998,10313,10025,0
1999,10313,10053,0
2000,10313,10054,0
2001,10313,10055,1
2002,10313,10055,0
2003,10313,10056,0
2004,10313,10057,0
2005,10313,10058,1
2006,10313,10058,0
2007,10313,10059,0
2008,10313,10060,0
2009,10313,10061,0
2010,10313,10196,0
2011,10313,10197,0
2012,10313,10198,0
2013,10313,10199,0
2014,10313,10200,1
2015,10313,10200,0
2016,10313,10201,0
2017,10313,10202,1
2018,10313,10202,0
2019,10313,10203,1
2020,10313,10203,0
2021,10313,10204,0
2022,10313,10205,1
2023,10313,10205,0
2050,10313,10206,0
2049,10313,10207,0
2024,10313,10211,1
2025,10313,10211,0
2026,10313,10213,1
2027,10313,10213,0
2028,10313,10294,1
2029,10313,10294,0
2030,10313,10312,0
2031,10313,10314,0
2032,10313,10315,0
2033,10313,10316,0
2034,10313,10317,0
2035,10313,10330,0
2036,10313,10331,0
2037,10313,10332,0
2038,10313,10336,0
2039,10313,10337,0
2040,10313,10338,0
2041,10313,10339,1
2042,10313,10339,0
2043,10313,10340,0
2044,10313,10342,0
2045,10313,10343,0
2046,10313,10344,0
2047,10313,10345,0
2048,10313,10398,0
2051,10314,10022,1
2052,10314,10022,0
2053,10314,10025,1
2054,10314,10025,0
2055,10314,10053,0
2056,10314,10054,0
2057,10314,10055,1
2058,10314,10055,0
2059,10314,10056,0
2060,10314,10057,0
2061,10314,10058,1
2062,10314,10058,0
2063,10314,10059,0
2064,10314,10060,0
2065,10314,10061,0
2066,10314,10196,0
2067,10314,10197,0
2068,10314,10198,0
2069,10314,10199,0
2070,10314,10200,1
2071,10314,10200,0
2072,10314,10201,0
2073,10314,10202,1
2074,10314,10202,0
2075,10314,10203,1
2076,10314,10203,0
2077,10314,10204,0
2078,10314,10205,1
2079,10314,10205,0
2106,10314,10206,0
2105,10314,10207,0
2080,10314,10211,1
2081,10314,10211,0
2082,10314,10213,1
2083,10314,10213,0
2084,10314,10294,1
2085,10314,10294,0
2086,10314,10312,0
2087,10314,10313,0
2088,10314,10315,0
2089,10314,10316,0
2090,10314,10317,0
2091,10314,10330,0
2092,10314,10331,0
2093,10314,10332,0
2094,10314,10336,0
2095,10314,10337,0
2096,10314,10338,0
2097,10314,10339,1
2098,10314,10339,0
2099,10314,10340,0
2100,10314,10342,0
2101,10314,10343,0
2102,10314,10344,0
2103,10314,10345,0
2104,10314,10398,0
2107,10315,10022,1
2108,10315,10022,0
2109,10315,10025,1
2110,10315,10025,0
2111,10315,10053,0
2112,10315,10054,0
2113,10315,10055,1
2114,10315,10055,0
2115,10315,10056,0
2116,10315,10057,0
2117,10315,10058,1
2118,10315,10058,0
2119,10315,10059,0
2120,10315,10060,0
2121,10315,10061,0
2122,10315,10196,0
2123,10315,10197,0
2124,10315,10198,0
2125,10315,10199,0
2126,10315,10200,1
2127,10315,10200,0
2128,10315,10201,0
2129,10315,10202,1
2130,10315,10202,0
2131,10315,10203,1
2132,10315,10203,0
2133,10315,10204,0
2134,10315,10205,1
2135,10315,10205,0
2162,10315,10206,0
2161,10315,10207,0
2136,10315,10211,1
2137,10315,10211,0
2138,10315,10213,1
2139,10315,10213,0
2140,10315,10294,1
2141,10315,10294,0
2142,10315,10312,0
2143,10315,10313,0
2144,10315,10314,0
2145,10315,10316,0
2146,10315,10317,0
2147,10315,10330,0
2148,10315,10331,0
2149,10315,10332,0
2150,10315,10336,0
2151,10315,10337,0
2152,10315,10338,0
2153,10315,10339,1
2154,10315,10339,0
2155,10315,10340,0
2156,10315,10342,0
2157,10315,10343,0
2158,10315,10344,0
2159,10315,10345,0
2160,10315,10398,0
2163,10316,10022,1
2164,10316,10022,0
2165,10316,10025,1
2166,10316,10025,0
2167,10316,10053,0
2168,10316,10054,0
2169,10316,10055,1
2170,10316,10055,0
2171,10316,10056,0
2172,10316,10057,0
2173,10316,10058,1
2174,10316,10058,0
2175,10316,10059,0
2176,10316,10060,0
2177,10316,10061,0
2178,10316,10196,0
2179,10316,10197,0
2180,10316,10198,0
2181,10316,10199,0
2182,10316,10200,1
2183,10316,10200,0
2184,10316,10201,0
2185,10316,10202,1
2186,10316,10202,0
2187,10316,10203,1
2188,10316,10203,0
2189,10316,10204,0
2190,10316,10205,1
2191,10316,10205,0
2218,10316,10206,0
2217,10316,10207,0
2192,10316,10211,1
2193,10316,10211,0
2194,10316,10213,1
2195,10316,10213,0
2196,10316,10294,1
2197,10316,10294,0
2198,10316,10312,0
2199,10316,10313,0
2200,10316,10314,0
2201,10316,10315,0
2202,10316,10317,0
2203,10316,10330,0
2204,10316,10331,0
2205,10316,10332,0
2206,10316,10336,0
2207,10316,10337,0
2208,10316,10338,0
2209,10316,10339,1
2210,10316,10339,0
2211,10316,10340,0
2212,10316,10342,0
2213,10316,10343,0
2214,10316,10344,0
2215,10316,10345,0
2216,10316,10398,0
2219,10317,10022,1
2220,10317,10022,0
2221,10317,10025,1
2222,10317,10025,0
2223,10317,10053,0
2224,10317,10054,0
2225,10317,10055,1
2226,10317,10055,0
2227,10317,10056,0
2228,10317,10057,0
2229,10317,10058,1
2230,10317,10058,0
2231,10317,10059,0
2232,10317,10060,0
2233,10317,10061,0
2234,10317,10196,0
2235,10317,10197,0
2236,10317,10198,0
2237,10317,10199,0
2238,10317,10200,1
2239,10317,10200,0
2240,10317,10201,0
2241,10317,10202,1
2242,10317,10202,0
2243,10317,10203,1
2244,10317,10203,0
2245,10317,10204,0
2246,10317,10205,1
2247,10317,10205,0
2274,10317,10206,0
2273,10317,10207,0
2248,10317,10211,1
2249,10317,10211,0
2250,10317,10213,1
2251,10317,10213,0
2252,10317,10294,1
2253,10317,10294,0
2254,10317,10312,0
2255,10317,10313,0
2256,10317,10314,0
2257,10317,10315,0
2258,10317,10316,0
2259,10317,10330,0
2260,10317,10331,0
2261,10317,10332,0
2262,10317,10336,0
2263,10317,10337,0
2264,10317,10338,0
2265,10317,10339,1
2266,10317,10339,0
2267,10317,10340,0
2268,10317,10342,0
2269,10317,10343,0
2270,10317,10344,0
2271,10317,10345,0
2272,10317,10398,0
2275,10330,10022,1
2276,10330,10022,0
2277,10330,10025,1
2278,10330,10025,0
2279,10330,10053,0
2280,10330,10054,0
2281,10330,10055,1
2282,10330,10055,0
2283,10330,10056,0
2284,10330,10057,0
2285,10330,10058,1
2286,10330,10058,0
2287,10330,10059,0
2288,10330,10060,0
2289,10330,10061,0
2290,10330,10196,0
2291,10330,10197,0
2292,10330,10198,0
2293,10330,10199,0
2294,10330,10200,1
2295,10330,10200,0
2296,10330,10201,0
2297,10330,10202,1
2298,10330,10202,0
2299,10330,10203,1
2300,10330,10203,0
2301,10330,10204,0
2302,10330,10205,1
2303,10330,10205,0
2330,10330,10206,0
2329,10330,10207,0
2304,10330,10211,1
2305,10330,10211,0
2306,10330,10213,1
2307,10330,10213,0
2308,10330,10294,1
2309,10330,10294,0
2310,10330,10312,0
2311,10330,10313,0
2312,10330,10314,0
2313,10330,10315,0
2314,10330,10316,0
2315,10330,10317,0
2316,10330,10331,0
2317,10330,10332,0
2318,10330,10336,0
2319,10330,10337,0
2320,10330,10338,0
2321,10330,10339,1
2322,10330,10339,0
2323,10330,10340,0
2324,10330,10342,0
2325,10330,10343,0
2326,10330,10344,0
2327,10330,10345,0
2328,10330,10398,0
2331,10331,10022,1
2332,10331,10022,0
2333,10331,10025,1
2334,10331,10025,0
2335,10331,10053,0
2336,10331,10054,0
2337,10331,10055,1
2338,10331,10055,0
2339,10331,10056,0
2340,10331,10057,0
2341,10331,10058,1
2342,10331,10058,0
2343,10331,10059,0
2344,10331,10060,0
2345,10331,10061,0
2346,10331,10196,0
2347,10331,10197,0
2348,10331,10198,0
2349,10331,10199,0
2350,10331,10200,1
2351,10331,10200,0
2352,10331,10201,0
2353,10331,10202,1
2354,10331,10202,0
2355,10331,10203,1
2356,10331,10203,0
2357,10331,10204,0
2358,10331,10205,1
2359,10331,10205,0
2386,10331,10206,0
2385,10331,10207,0
2360,10331,10211,1
2361,10331,10211,0
2362,10331,10213,1
2363,10331,10213,0
2364,10331,10294,1
2365,10331,10294,0
2366,10331,10312,0
2367,10331,10313,0
2368,10331,10314,0
2369,10331,10315,0
2370,10331,10316,0
2371,10331,10317,0
2372,10331,10330,0
2373,10331,10332,0
2374,10331,10336,0
2375,10331,10337,0
2376,10331,10338,0
2377,10331,10339,1
2378,10331,10339,0
2379,10331,10340,0
2380,10331,10342,0
2381,10331,10343,0
2382,10331,10344,0
2383,10331,10345,0
2384,10331,10398,0
2387,10332,10022,1
2388,10332,10022,0
2389,10332,10025,1
2390,10332,10025,0
2391,10332,10053,0
2392,10332,10054,0
2393,10332,10055,1
2394,10332,10055,0
2395,10332,10056,0
2396,10332,10057,0
2397,10332,10058,1
2398,10332,10058,0
2399,10332,10059,0
2400,10332,10060,0
2401,10332,10061,0
2402,10332,10196,0
2403,10332,10197,0
2404,10332,10198,0
2405,10332,10199,0
2406,10332,10200,1
2407,10332,10200,0
2408,10332,10201,0
2409,10332,10202,1
2410,10332,10202,0
2411,10332,10203,1
2412,10332,10203,0
2413,10332,10204,0
2414,10332,10205,1
2415,10332,10205,0
2442,10332,10206,0
2441,10332,10207,0
2416,10332,10211,1
2417,10332,10211,0
2418,10332,10213,1
2419,10332,10213,0
2420,10332,10294,1
2421,10332,10294,0
2422,10332,10312,0
2423,10332,10313,0
2424,10332,10314,0
2425,10332,10315,0
2426,10332,10316,0
2427,10332,10317,0
2428,10332,10330,0
2429,10332,10331,0
2430,10332,10336,0
2431,10332,10337,0
2432,10332,10338,0
2433,10332,10339,1
2434,10332,10339,0
2435,10332,10340,0
2436,10332,10342,0
2437,10332,10343,0
2438,10332,10344,0
2439,10332,10345,0
2440,10332,10398,0
2443,10336,10022,1
2444,10336,10022,0
2445,10336,10025,1
2446,10336,10025,0
2447,10336,10053,0
2448,10336,10054,0
2449,10336,10055,1
2450,10336,10055,0
2451,10336,10056,0
2452,10336,10057,0
2453,10336,10058,1
2454,10336,10058,0
2455,10336,10059,0
2456,10336,10060,0
2457,10336,10061,0
2458,10336,10196,0
2459,10336,10197,0
2460,10336,10198,0
2461,10336,10199,0
2462,10336,10200,1
2463,10336,10200,0
2464,10336,10201,0
2465,10336,10202,1
2466,10336,10202,0
2467,10336,10203,1
2468,10336,10203,0
2469,10336,10204,0
2470,10336,10205,1
2471,10336,10205,0
2498,10336,10206,0
2497,10336,10207,0
2472,10336,10211,1
2473,10336,10211,0
2474,10336,10213,1
2475,10336,10213,0
2476,10336,10294,1
2477,10336,10294,0
2478,10336,10312,0
2479,10336,10313,0
2480,10336,10314,0
2481,10336,10315,0
2482,10336,10316,0
2483,10336,10317,0
2484,10336,10330,0
2485,10336,10331,0
2486,10336,10332,0
2487,10336,10337,0
2488,10336,10338,0
2489,10336,10339,1
2490,10336,10339,0
2491,10336,10340,0
2492,10336,10342,0
2493,10336,10343,0
2494,10336,10344,0
2495,10336,10345,0
2496,10336,10398,0
2499,10337,10022,1
2500,10337,10022,0
2501,10337,10025,1
2502,10337,10025,0
2503,10337,10053,0
2504,10337,10054,0
2505,10337,10055,1
2506,10337,10055,0
2507,10337,10056,0
2508,10337,10057,0
2509,10337,10058,1
2510,10337,10058,0
2511,10337,10059,0
2512,10337,10060,0
2513,10337,10061,0
2514,10337,10196,0
2515,10337,10197,0
2516,10337,10198,0
2517,10337,10199,0
2518,10337,10200,1
2519,10337,10200,0
2520,10337,10201,0
2521,10337,10202,1
2522,10337,10202,0
2523,10337,10203,1
2524,10337,10203,0
2525,10337,10204,0
2526,10337,10205,1
2527,10337,10205,0
2554,10337,10206,0
2553,10337,10207,0
2528,10337,10211,1
2529,10337,10211,0
2530,10337,10213,1
2531,10337,10213,0
2532,10337,10294,1
2533,10337,10294,0
2534,10337,10312,0
2535,10337,10313,0
2536,10337,10314,0
2537,10337,10315,0
2538,10337,10316,0
2539,10337,10317,0
2540,10337,10330,0
2541,10337,10331,0
2542,10337,10332,0
2543,10337,10336,0
2544,10337,10338,0
2545,10337,10339,1
2546,10337,10339,0
2547,10337,10340,0
2548,10337,10342,0
2549,10337,10343,0
2550,10337,10344,0
2551,10337,10345,0
2552,10337,10398,0
2555,10338,10022,1
2556,10338,10022,0
2557,10338,10025,1
2558,10338,10025,0
2559,10338,10053,0
2560,10338,10054,0
2561,10338,10055,1
2562,10338,10055,0
2563,10338,10056,0
2564,10338,10057,0
2565,10338,10058,1
2566,10338,10058,0
2567,10338,10059,0
2568,10338,10060,0
2569,10338,10061,0
2570,10338,10196,0
2571,10338,10197,0
2572,10338,10198,0
2573,10338,10199,0
2574,10338,10200,1
2575,10338,10200,0
2576,10338,10201,0
2577,10338,10202,1
2578,10338,10202,0
2579,10338,10203,1
2580,10338,10203,0
2581,10338,10204,0
2582,10338,10205,1
2583,10338,10205,0
2610,10338,10206,0
2609,10338,10207,0
2584,10338,10211,1
2585,10338,10211,0
2586,10338,10213,1
2587,10338,10213,0
2588,10338,10294,1
2589,10338,10294,0
2590,10338,10312,0
2591,10338,10313,0
2592,10338,10314,0
2593,10338,10315,0
2594,10338,10316,0
2595,10338,10317,0
2596,10338,10330,0
2597,10338,10331,0
2598,10338,10332,0
2599,10338,10336,0
2600,10338,10337,0
2601,10338,10339,1
2602,10338,10339,0
2603,10338,10340,0
2604,10338,10342,0
2605,10338,10343,0
2606,10338,10344,0
2607,10338,10345,0
2608,10338,10398,0
2611,10339,10022,1
2612,10339,10022,1
2666,10339,10022,1
2667,10339,10022,0
2613,10339,10025,1
2614,10339,10025,1
2668,10339,10025,1
2669,10339,10025,0
2615,10339,10053,1
2670,10339,10053,0
2616,10339,10054,1
2671,10339,10054,0
2617,10339,10055,1
2618,10339,10055,1
2672,10339,10055,1
2673,10339,10055,0
2619,10339,10056,1
2674,10339,10056,0
2620,10339,10057,1
2675,10339,10057,0
2621,10339,10058,1
2622,10339,10058,1
2676,10339,10058,1
2677,10339,10058,0
2623,10339,10059,1
2678,10339,10059,0
2624,10339,10060,1
2679,10339,10060,0
2625,10339,10061,1
2680,10339,10061,0
2626,10339,10196,1
2681,10339,10196,0
2627,10339,10197,1
2682,10339,10197,0
2628,10339,10198,1
2683,10339,10198,0
2629,10339,10199,1
2684,10339,10199,0
2630,10339,10200,1
2631,10339,10200,1
2685,10339,10200,1
2686,10339,10200,0
2632,10339,10201,1
2687,10339,10201,0
2633,10339,10202,1
2634,10339,10202,1
2688,10339,10202,1
2689,10339,10202,0
2635,10339,10203,1
2636,10339,10203,1
2690,10339,10203,1
2691,10339,10203,0
2637,10339,10204,1
2692,10339,10204,0
2638,10339,10205,1
2639,10339,10205,1
2693,10339,10205,1
2694,10339,10205,0
2665,10339,10206,1
2720,10339,10206,0
2664,10339,10207,1
2719,10339,10207,0
2640,10339,10211,1
2641,10339,10211,1
2695,10339,10211,1
2696,10339,10211,0
2642,10339,10213,1
2643,10339,10213,1
2697,10339,10213,1
2698,10339,10213,0
2644,10339,10294,1
2645,10339,10294,1
2699,10339,10294,1
2700,10339,10294,0
2646,10339,10312,1
2701,10339,10312,0
2647,10339,10313,1
2702,10339,10313,0
2648,10339,10314,1
2703,10339,10314,0
2649,10339,10315,1
2704,10339,10315,0
2650,10339,10316,1
2705,10339,10316,0
2651,10339,10317,1
2706,10339,10317,0
2652,10339,10330,1
2707,10339,10330,0
2653,10339,10331,1
2708,10339,10331,0
2654,10339,10332,1
2709,10339,10332,0
2655,10339,10336,1
2710,10339,10336,0
2656,10339,10337,1
2711,10339,10337,0
2657,10339,10338,1
2712,10339,10338,0
2658,10339,10340,1
2713,10339,10340,0
2659,10339,10342,1
2714,10339,10342,0
2660,10339,10343,1
2715,10339,10343,0
2661,10339,10344,1
2716,10339,10344,0
2662,10339,10345,1
2717,10339,10345,0
2663,10339,10398,1
2718,10339,10398,0
2721,10340,10022,1
2722,10340,10022,0
2723,10340,10025,1
2724,10340,10025,0
2725,10340,10053,0
2726,10340,10054,0
2727,10340,10055,1
2728,10340,10055,0
2729,10340,10056,0
2730,10340,10057,0
2731,10340,10058,1
2732,10340,10058,0
2733,10340,10059,0
2734,10340,10060,0
2735,10340,10061,0
2736,10340,10196,0
2737,10340,10197,0
2738,10340,10198,0
2739,10340,10199,0
2740,10340,10200,1
2741,10340,10200,0
2742,10340,10201,0
2743,10340,10202,1
2744,10340,10202,0
2745,10340,10203,1
2746,10340,10203,0
2747,10340,10204,0
2748,10340,10205,1
2749,10340,10205,0
2776,10340,10206,0
2775,10340,10207,0
2750,10340,10211,1
2751,10340,10211,0
2752,10340,10213,1
2753,10340,10213,0
2754,10340,10294,1
2755,10340,10294,0
2756,10340,10312,0
2757,10340,10313,0
2758,10340,10314,0
2759,10340,10315,0
2760,10340,10316,0
2761,10340,10317,0
2762,10340,10330,0
2763,10340,10331,0
2764,10340,10332,0
2765,10340,10336,0
2766,10340,10337,0
2767,10340,10338,0
2768,10340,10339,1
2769,10340,10339,0
2770,10340,10342,0
2771,10340,10343,0
2772,10340,10344,0
2773,10340,10345,0
2774,10340,10398,0
2777,10342,10022,1
2778,10342,10022,0
2779,10342,10025,1
2780,10342,10025,0
2781,10342,10053,0
2782,10342,10054,0
2783,10342,10055,1
2784,10342,10055,0
2785,10342,10056,0
2786,10342,10057,0
2787,10342,10058,1
2788,10342,10058,0
2789,10342,10059,0
2790,10342,10060,0
2791,10342,10061,0
2792,10342,10196,0
2793,10342,10197,0
2794,10342,10198,0
2795,10342,10199,0
2796,10342,10200,1
2797,10342,10200,0
2798,10342,10201,0
2799,10342,10202,1
2800,10342,10202,0
2801,10342,10203,1
2802,10342,10203,0
2803,10342,10204,0
2804,10342,10205,1
2805,10342,10205,0
2832,10342,10206,0
2831,10342,10207,0
2806,10342,10211,1
2807,10342,10211,0
2808,10342,10213,1
2809,10342,10213,0
2810,10342,10294,1
2811,10342,10294,0
2812,10342,10312,0
2813,10342,10313,0
2814,10342,10314,0
2815,10342,10315,0
2816,10342,10316,0
2817,10342,10317,0
2818,10342,10330,0
2819,10342,10331,0
2820,10342,10332,0
2821,10342,10336,0
2822,10342,10337,0
2823,10342,10338,0
2824,10342,10339,1
2825,10342,10339,0
2826,10342,10340,0
2827,10342,10343,0
2828,10342,10344,0
2829,10342,10345,0
2830,10342,10398,0
2833,10343,10022,1
2834,10343,10022,0
2835,10343,10025,1
2836,10343,10025,0
2837,10343,10053,0
2838,10343,10054,0
2839,10343,10055,1
2840,10343,10055,0
2841,10343,10056,0
2842,10343,10057,0
2843,10343,10058,1
2844,10343,10058,0
2845,10343,10059,0
2846,10343,10060,0
2847,10343,10061,0
2848,10343,10196,0
2849,10343,10197,0
2850,10343,10198,0
2851,10343,10199,0
2852,10343,10200,1
2853,10343,10200,0
2854,10343,10201,0
2855,10343,10202,1
2856,10343,10202,0
2857,10343,10203,1
2858,10343,10203,0
2859,10343,10204,0
2860,10343,10205,1
2861,10343,10205,0
2888,10343,10206,0
2887,10343,10207,0
2862,10343,10211,1
2863,10343,10211,0
2864,10343,10213,1
2865,10343,10213,0
2866,10343,10294,1
2867,10343,10294,0
2868,10343,10312,0
2869,10343,10313,0
2870,10343,10314,0
2871,10343,10315,0
2872,10343,10316,0
2873,10343,10317,0
2874,10343,10330,0
2875,10343,10331,0
2876,10343,10332,0
2877,10343,10336,0
2878,10343,10337,0
2879,10343,10338,0
2880,10343,10339,1
2881,10343,10339,0
2882,10343,10340,0
2883,10343,10342,0
2884,10343,10344,0
2885,10343,10345,0
2886,10343,10398,0
2889,10344,10022,1
2890,10344,10022,0
2891,10344,10025,1
2892,10344,10025,0
2893,10344,10053,0
2894,10344,10054,0
2895,10344,10055,1
2896,10344,10055,0
2897,10344,10056,0
2898,10344,10057,0
2899,10344,10058,1
2900,10344,10058,0
2901,10344,10059,0
2902,10344,10060,0
2903,10344,10061,0
2904,10344,10196,0
2905,10344,10197,0
2906,10344,10198,0
2907,10344,10199,0
2908,10344,10200,1
2909,10344,10200,0
2910,10344,10201,0
2911,10344,10202,1
2912,10344,10202,0
2913,10344,10203,1
2914,10344,10203,0
2915,10344,10204,0
2916,10344,10205,1
2917,10344,10205,0
2944,10344,10206,0
2943,10344,10207,0
2918,10344,10211,1
2919,10344,10211,0
2920,10344,10213,1
2921,10344,10213,0
2922,10344,10294,1
2923,10344,10294,0
2924,10344,10312,0
2925,10344,10313,0
2926,10344,10314,0
2927,10344,10315,0
2928,10344,10316,0
2929,10344,10317,0
2930,10344,10330,0
2931,10344,10331,0
2932,10344,10332,0
2933,10344,10336,0
2934,10344,10337,0
2935,10344,10338,0
2936,10344,10339,1
2937,10344,10339,0
2938,10344,10340,0
2939,10344,10342,0
2940,10344,10343,0
2941,10344,10345,0
2942,10344,10398,0
2945,10345,10022,1
2946,10345,10022,0
2947,10345,10025,1
2948,10345,10025,0
2949,10345,10053,0
2950,10345,10054,0
2951,10345,10055,1
2952,10345,10055,0
2953,10345,10056,0
2954,10345,10057,0
2955,10345,10058,1
2956,10345,10058,0
2957,10345,10059,0
2958,10345,10060,0
2959,10345,10061,0
2960,10345,10196,0
2961,10345,10197,0
2962,10345,10198,0
2963,10345,10199,0
2964,10345,10200,1
2965,10345,10200,0
2966,10345,10201,0
2967,10345,10202,1
2968,10345,10202,0
2969,10345,10203,1
2970,10345,10203,0
2971,10345,10204,0
2972,10345,10205,1
2973,10345,10205,0
3000,10345,10206,0
2999,10345,10207,0
2974,10345,10211,1
2975,10345,10211,0
2976,10345,10213,1
2977,10345,10213,0
2978,10345,10294,1
2979,10345,10294,0
2980,10345,10312,0
2981,10345,10313,0
2982,10345,10314,0
2983,10345,10315,0
2984,10345,10316,0
2985,10345,10317,0
2986,10345,10330,0
2987,10345,10331,0
2988,10345,10332,0
2989,10345,10336,0
2990,10345,10337,0
2991,10345,10338,0
2992,10345,10339,1
2993,10345,10339,0
2994,10345,10340,0
2995,10345,10342,0
2996,10345,10343,0
2997,10345,10344,0
2998,10345,10398,0
3001,10398,10022,1
3002,10398,10022,0
3003,10398,10025,1
3004,10398,10025,0
3005,10398,10053,0
3006,10398,10054,0
3007,10398,10055,1
3008,10398,10055,0
3009,10398,10056,0
3010,10398,10057,0
3011,10398,10058,1
3012,10398,10058,0
3013,10398,10059,0
3014,10398,10060,0
3015,10398,10061,0
3016,10398,10196,0
3017,10398,10197,0
3018,10398,10198,0
3019,10398,10199,0
3020,10398,10200,1
3021,10398,10200,0
3022,10398,10201,0
3023,10398,10202,1
3024,10398,10202,0
3025,10398,10203,1
3026,10398,10203,0
3027,10398,10204,0
3028,10398,10205,1
3029,10398,10205,0
3056,10398,10206,0
3055,10398,10207,0
3030,10398,10211,1
3031,10398,10211,0
3032,10398,10213,1
3033,10398,10213,0
3034,10398,10294,1
3035,10398,10294,0
3036,10398,10312,0
3037,10398,10313,0
3038,10398,10314,0
3039,10398,10315,0
3040,10398,10316,0
3041,10398,10317,0
3042,10398,10330,0
3043,10398,10331,0
3044,10398,10332,0
3045,10398,10336,0
3046,10398,10337,0
3047,10398,10338,0
3048,10398,10339,1
3049,10398,10339,0
3050,10398,10340,0
3051,10398,10342,0
3052,10398,10343,0
3053,10398,10344,0
3054,10398,10345,0
