1,2,3,4,5,6,7,8
10241,10400,0,0,0,0,0,0
10240,10400,0,0,0,0,0,0
10392,10400,0,0,0,0,0,0
10243,10400,0,0,0,0,0,0
10243,10400,0,0,0,0,0,0
10244,10400,0,0,0,0,0,0
10246,10400,0,0,0,0,0,0
10245,10400,0,0,0,0,0,0
10247,10400,0,0,0,0,0,0
10247,10400,0,0,0,0,0,0
10247,10400,0,0,0,0,0,0
10247,10400,0,0,0,0,0,0
10256,10400,0,0,0,0,0,0
10002,10400,0,0,0,0,0,0
10001,10400,0,0,0,0,0,0.74
10003,10400,0,0,0,0,0,0
10346,10400,2.38,0.045,0,0.07,0.06,0.555
10347,10400,0,0,0,0,0,0
10100,10400,0,0,0,0,0,0
10099,10400,0,0,0,0,0,0
10101,10400,0,0,0,0,0,0
10102,10400,0,0,0,0,0,0
10098,10400,179.06,42.425,0,6.775,10.055,0
10097,10400,0,0,0,0,0,0
10103,10400,0,0,0,0,0,0
10104,10400,2.88,0.77,0,0.08,0.17,0
10105,10400,7.13,1.845,0,0.42,0,0
10106,10400,0,0,0,0,0,0
10107,10400,0.825,0.24,0,0,0,0
10108,10400,0,0,0,0,0,0
10109,10400,0,0,0,0,0,0
10110,10400,0,0,0,0,0,0
10113,10400,642.75,216.56,0,13.155,10.975,0
10114,10400,0,0,0,0,0,0
10111,10400,0,0,0,0,0,0
10112,10400,0,0,0,0,0,0
10118,10400,0,0,0,0,0,0
10116,10400,0,0,0,0,0,0
10115,10400,0,0,0,0,0,0
10117,10400,0,0,0,0,0,0
10121,10400,0,0,0,0,0,0
10120,10400,906,203.62,0,18.055,15.21,0
10122,10400,0,0,0,0,0,0
10123,10400,0,0,0,0,0,0
10124,10400,0,0,0,0,0,0
10400,10400,0,0,0,0,0,0
10125,10400,0,0,0,0,0,0
10126,10400,0,0,0,0,0,0
10127,10400,0,0,0,0,0,0
10128,10400,0,0,0,0,0,0
10129,10400,0,0,0,0,0,0
10130,10400,0,0,0,0,0,0
10131,10400,0,0,0,0,0,0
10132,10400,0,0,0,0,0,0
10133,10400,0,0,0,0,0,0
10134,10400,0,0,0,0,0,0
10135,10400,0,0,0,0,0,0
10136,10400,0,0,0,0,0,0
10137,10400,0,0,0,0,0,0
10138,10400,0,0,0,0,0,0
10139,10400,0,0,0,0,0,0
10140,10400,0,0,0,0,0,0
10146,10400,0,0,0,0,0,0
10145,10400,0,0,0,0,0,0
10147,10400,0,0,0,0,0,0
10144,10400,0,0,0,0,0,0
10152,10400,0,0,0,0,0,0
10152,10400,0,0,0,0,0,0
10150,10400,0,0,0,0,0,0
10150,10400,0,0,0,0,0,0
10154,10400,0,0,0,0,0,0
10149,10400,0,0,0,0,0,0
10155,10400,0,0,0,0,0,0
10148,10400,0,0,0,0,0,0
10141,10400,0,0,0,0,0,0
10142,10400,0,0,0,0,0,0
10143,10400,0,0,0,0,0,0
10156,10400,0,0,0,0,0,0
10158,10400,0,0,0,0,0,0
10159,10400,0,0,0,0,0,0
10160,10400,0,0,0,0,0,0
10161,10400,0,0,0,0,0,0
10162,10400,0,0,0,0,0,0
10163,10400,0,0,0,0,0,0
10164,10400,0,0,0,0,0,0
10157,10400,0,0,0,0,0,0
10401,10400,0,0,0,0,0,0
10166,10400,0,0,0,0,0,0
10165,10400,0,0,0,0,0,0
10167,10400,0,0,0,0,0,0
10168,10400,0,0,0,0,0,0
10169,10400,0,0,0,0,0,0
10170,10400,0,0,0,0,0,0
10171,10400,0,0,0,0,0,0
10172,10400,0,0,0,0,0,0
10173,10400,0,0,0,0,0,0
10174,10400,0,0,0,0,0,0
10175,10400,0,0,0,0,0,0
10176,10400,0,0,0,0,0,0
10177,10400,0,0,0,0,0,0
10178,10400,0,0,0,0,0,0
10179,10400,0,0,0,0,0,0
10180,10400,0,0,0,0,0,0
10181,10400,0,0,0,0,0,0
10182,10400,0,0,0,0,0,0
10183,10400,0,0,0,0,0,0
10184,10400,0,0,0,0,0,0
10185,10400,0,0,0,0,0,0
10186,10400,0,0,0,0,0,0
10093,10400,0,0,0,0,0,0
10094,10400,0,0,0,0,0,0
10095,10400,0,0,0,0,0,0
10096,10400,0,0,0,0,0,0
10087,10400,0,0,0,0,0,0
10088,10400,0,0,0,0,0,0
10089,10400,0,0,0,0,0,0
10090,10400,0,0,0,0,0,0
10091,10400,0,0,0,0,0,0
10092,10400,0,0,0,0,0,0
10081,10400,4.705,1.34,0,0,0,0
10082,10400,0,0,0,0,0,0
10083,10400,0.025,0,0,0.025,0,0
10084,10400,0,0,0,0,0,0
10085,10400,0,0,0,0,0,0
10086,10400,0,0,0,0,0,0
10076,10400,0,0,0,0,0,0
10077,10400,0,0,0,0,0,0
10079,10400,0,0,0,0,0,0
10080,10400,0,0,0,0,0,0
10396,10400,0,0,0,0,0,0
10402,10400,5.245,1.945,0,0.1,0.37,0
10070,10400,3.665,0.765,0,0,0,0
10071,10400,0,0,0,0,0,0
10072,10400,2.695,0.14,0,0,0.06,0
10073,10400,0,0,0,0,0,0
10074,10400,0,0,0,0,0,0
10075,10400,0,0,0,0,0,0
10403,10400,0,0,0,0,0,0
10404,10400,0,0,0,0,0,0
10405,10400,0,0,0,0,0,0
10406,10400,0,0,0,0,0,0
10407,10400,0,0,0,0,0,0
10408,10400,0,0,0,0,0,0
10409,10400,0,0,0,0,0,0
10410,10400,0,0,0,0,0,0
10411,10400,0,0,0,0,0,0
10412,10400,0,0,0,0,0,0
10413,10400,0,0,0,0,0,0
10414,10400,0,0,0,0,0,0
10415,10400,0,0,0,0,0,0
10415,10400,0,0,0,0,0,0
10416,10400,0,0,0,0,0,0
10417,10400,0,0,0,0,0,0
10418,10400,0,0,0,0,0,0
10419,10400,0,0,0,0,0,0
10420,10400,0,0,0,0,0,0
10420,10400,0,0,0,0,0,0
10421,10400,0,0,0,0,0,0
10422,10400,0,0,0,0,0,0
10423,10400,0,0,0,0,0,0
10424,10400,0,0,0,0,0,0
10424,10400,0,0,0,0,0,0
10425,10400,0,0,0,0,0,0
10426,10400,0,0,0,0,0,0
10427,10400,0,0,0,0,0,0
10428,10400,0,0,0,0,0,0
10429,10400,0,0,0,0,0,0
10430,10400,0,0,0,0,0,0
10187,10400,0,0,0,0,0,0
10188,10400,0,0,0,0,0,0
10189,10400,0,0,0,0,0,0
10194,10400,0,0,0,0,0,0
10190,10400,0,0,0,0,0,0
10192,10400,0,0,0,0,0,0
10190,10400,0,0,0,0,0,0
10192,10400,0,0,0,0,0,0
10068,10400,0,0,0,0,0,0
10062,10400,0,0,0,0,0,0
10063,10400,0,0,0,0,0,0
10066,10400,1.69,0.455,0,0,0,0
10063,10400,0,0,0,0,0,0
10066,10400,1.69,0.455,0,0,0,0
10067,10400,1.465,0.54,0,0,0,0
10296,10400,0,0,0,0,0,0
10297,10400,0,0,0,0,0,0
10298,10400,0,0,0,0,0,0
10299,10400,0,0,0,0,0,0
10300,10400,0,0,0,0,0,0
10301,10400,0,0,0,0,0,0
10302,10400,0,0,0,0,0,0
10303,10400,0,0,0,0,0,0
10304,10400,0.12,0,0,0,0,0
10305,10400,0,0,0,0,0,0
10431,10400,0,0,0,0,0,0
10432,10400,0,0,0,0,0,0
10433,10400,0.155,0.045,0,0,0,0
10434,10400,0.715,0,0,0,0,0
10434,10400,0.715,0,0,0,0,0
10435,10400,0.93,0.115,0,0,0,0
10435,10400,0.93,0.115,0,0,0,0
10436,10400,1.475,0.19,0,0,0.07,0
10437,10400,0,0,0,0,0,0
10438,10400,0,0,0,0,0,0
10439,10400,0,0,0,0,0,0
10440,10400,0.37,0.06,0,0,0,0
10207,10400,0,0,0,0,0,0
10206,10400,0,0,0,0,0,0
10441,10400,0.31,0,0,0,0,0
10442,10400,0,0,0,0,0,0
10443,10400,0,0,0,0,0,0
10444,10400,0,0,0,0,0,0
10443,10400,0,0,0,0,0,0
10444,10400,0,0,0,0,0,0
10445,10400,0,0,0,0,0,0
10446,10400,0,0,0,0,0,0
10447,10400,0,0,0,0,0,0
10448,10400,0,0,0,0,0,0
10449,10400,0,0,0,0,0,0
10450,10400,0,0,0,0,0,0
10451,10400,0,0,0,0,0,0
10452,10400,0,0,0,0,0,0
10453,10400,0,0,0,0,0,0
10454,10400,0,0,0,0,0,0
10455,10400,0,0,0,0,0,0
10456,10400,0,0,0,0,0,0
10457,10400,0,0,0,0,0,0
10458,10400,0,0,0,0,0,0
10459,10400,0.155,0,0,0,0,0
10460,10400,0,0,0,0,0,0
10461,10400,0.07,0.07,0,0,0,0
10462,10400,0,0,0,0,0,0
10463,10400,0,0,0,0,0,0
10464,10400,0,0,0,0,0,0
10463,10400,0,0,0,0,0,0
10464,10400,0,0,0,0,0,0
10043,10400,0,0,0,0,0,0
10044,10400,1.405,0.57,0,0,0,0
10045,10400,4.515,2.23,0,0,0,0
10048,10400,0,0,0,0,0,0
10322,10400,0,0,0,0,0,0
10322,10400,0,0,0,0,0,0
10045,10400,4.515,2.23,0,0,0,0
10048,10400,0,0,0,0,0,0
10319,10400,0,0,0,0,0,0
10320,10400,0,0,0,0,0,0
10321,10400,0,0,0,0,0,0
10318,10400,0,0,0,0,0,0
10465,10400,0,0,0,0,0,0
10466,10400,0,0,0,0,0,0
10467,10400,0,0,0,0,0,0
10468,10400,0,0,0,0,0,0
10469,10400,0,0,0,0,0,0
10470,10400,0,0,0,0,0,0
10471,10400,0,0,0,0,0,0
10472,10400,0,0,0,0,0,0
10473,10400,0,0,0,0,0,0
10474,10400,0,0,0,0,0,0
10475,10400,0,0,0,0,0,0
10476,10400,0,0,0,0,0,0
10477,10400,0,0,0,0,0,0
10478,10400,0,0,0,0,0,0
10479,10400,0,0,0,0,0,0
10480,10400,0,0,0,0,0,0
10397,10400,0,0,0,0,0,0
10397,10400,0,0,0,0,0,0
10481,10400,0,0,0,0,0,0
10482,10400,0,0,0,0,0,0
10483,10400,0,0,0,0,0,0
10484,10400,0,0,0,0,0,0
10485,10400,0,0,0,0,0,0
10486,10400,0,0,0,0,0,0
10487,10400,0,0,0,0,0,0
10488,10400,0,0,0,0,0,0
10489,10400,0,0,0,0,0,0
10490,10400,0,0,0,0,0,0
10491,10400,0,0,0,0,0,0
10492,10400,0,0,0,0,0,0
10493,10400,0,0,0,0,0,0
10494,10400,0,0,0,0,0,0
10495,10400,0,0,0,0,0,0
10496,10400,0,0,0,0,0,0
10497,10400,0,0,0,0,0,0
10498,10400,0,0,0,0,0,0
10499,10400,0,0,0,0,0,0
10500,10400,0,0,0,0,0,0
10500,10400,0,0,0,0,0,0
10501,10400,0,0,0,0,0,0
10502,10400,0,0,0,0,0,0
10502,10400,0,0,0,0,0,0
10503,10400,0,0,0,0,0,0
10504,10400,0,0,0,0,0,0
10504,10400,0,0,0,0,0,0
10505,10400,0,0,0,0,0,0
10505,10400,0,0,0,0,0,0
10506,10400,0,0,0,0,0,0
10506,10400,0,0,0,0,0,0
10508,10400,0,0,0,0,0,0
10508,10400,0,0,0,0,0,0
10509,10400,0,0,0,0,0,0
10509,10400,0,0,0,0,0,0
10510,10400,0,0,0,0,0,0
10510,10400,0,0,0,0,0,0
10511,10400,0,0,0,0,0,0
10514,10400,0,0,0,0,0,0
10515,10400,0,0,0,0,0,0
10516,10400,0,0,0,0,0,0
10517,10400,0,0,0,0,0,0
10335,10400,0,0,0,0,0,0
10334,10400,0,0,0,0,0,0
10334,10400,0,0,0,0,0,0
10518,10400,0,0,0,0,0,0
10519,10400,0,0,0,0,0,0
10520,10400,0,0,0,0,0,0
10521,10400,0,0,0,0,0,0
10522,10400,0,0,0,0,0,0
10523,10400,0,0,0,0,0,0
10523,10400,0,0,0,0,0,0
10524,10400,0,0,0,0,0,0
10524,10400,0,0,0,0,0,0
10525,10400,0,0,0,0,0,0
10526,10400,0,0,0,0,0,0
10527,10400,0,0,0,0,0,0
10528,10400,0,0,0,0,0,0
10529,10400,0,0,0,0,0,0
10530,10400,0,0,0,0,0,0
10531,10400,0,0,0,0,0,0
10532,10400,0,0,0,0,0,0
10532,10400,0,0,0,0,0,0
10533,10400,0,0,0,0,0,0
10534,10400,0,0,0,0,0,0
10534,10400,0,0,0,0,0,0
10536,10400,0,0,0,0,0,0
10537,10400,0,0,0,0,0,0
10537,10400,0,0,0,0,0,0
10538,10400,0,0,0,0,0,0
10539,10400,0,0,0,0,0,0
10540,10400,0,0,0,0,0,0
10540,10400,0,0,0,0,0,0
10541,10400,0,0,0,0,0,0
10542,10400,0,0,0,0,0,0
10542,10400,0,0,0,0,0,0
10543,10400,0,0,0,0,0,0
10393,10400,0,0,0,0,0,0
10394,10400,0,0,0,0,0,0
10395,10400,0,0,0,0,0,0
10238,10400,0,0,0,0,0,0
10238,10400,0,0,0,0,0,0
10324,10400,0,0,0,0,0,0
10325,10400,0,0,0,0,0,0
10326,10400,0,0,0,0,0,0
10327,10400,0.075,0.025,0,0,0,0
10351,10400,0,0,0,0,0,0
10351,10400,0,0,0,0,0,0
10051,10400,0.69,0.405,0,0,0,0
10352,10400,0.515,0.07,0,0,0,0
10352,10400,0.515,0.07,0,0,0,0
10328,10400,0.38,0.07,0,0,0,0
10333,10400,0.405,0.085,0,0,0.07,0
10544,10400,0,0,0,0,0,0
10545,10400,0,0,0,0,0,0
10546,10400,0,0,0,0,0,0
10547,10400,0,0,0,0,0,0
10548,10400,0,0,0,0,0,0
10549,10400,0,0,0,0,0,0
10550,10400,0,0,0,0,0,0
10550,10400,0,0,0,0,0,0
10551,10400,0,0,0,0,0,0
10552,10400,0.095,0.07,0,0,0,0
10553,10400,0,0,0,0,0,0
10554,10400,0,0,0,0,0,0
10555,10400,0,0,0,0,0,0
10556,10400,0,0,0,0,0,0
10557,10400,0,0,0,0,0,0
10558,10400,0,0,0,0,0,0
10559,10400,0.75,0.06,0,0,0,0
10560,10400,0,0,0,0,0,0
10561,10400,0.38,0.07,0,0,0,0
10562,10400,0,0,0,0,0,0
10563,10400,0,0,0,0,0,0
10563,10400,0,0,0,0,0,0
10564,10400,0.38,0,0,0,0,0
10565,10400,0,0,0,0,0,0
10567,10400,0,0,0,0,0,0
10567,10400,0,0,0,0,0,0
10568,10400,0,0,0,0,0,0
10569,10400,0,0,0,0,0,0
10570,10400,0,0,0,0,0,0
10571,10400,0,0,0,0,0,0
10572,10400,0.415,0,0,0,0,0
10573,10400,0,0,0,0,0,0
10574,10400,0.255,0.03,0,0,0,0
10575,10400,0,0.025,0,0,0,0
10576,10400,0.13,0,0,0,0,0
10577,10400,0,0,0,0,0,0
10578,10400,0.415,0,0,0,0,0
10579,10400,0.37,0,0,0,0,0
10580,10400,0,0,0,0,0,0
10581,10400,0,0,0,0,0,0
10582,10400,0,0,0,0,0,0
10583,10400,0,0,0,0,0,0
10585,10400,0.105,0,0,0,0,0
10587,10400,0,0,0,0,0,0
10588,10400,0.31,0.07,0,0,0,0
10589,10400,0.025,0,0,0,0,0
10590,10400,0,0,0,0,0,0
10591,10400,0,0,0,0,0,0
10592,10400,1.12,0.31,0,0,0.07,0
10593,10400,0,0,0,0,0,0
10594,10400,0,0,0,0,0,0
10595,10400,0,0,0,0,0,0
10596,10400,0,0,0,0,0,0
10597,10400,0,0,0,0,0,0
10598,10400,0,0,0,0,0,0
10599,10400,0,0,0,0,0,0
10600,10400,0,0,0,0,0,0
10601,10400,0,0,0,0,0,0
10602,10400,0,0,0,0,0,0
10603,10400,0,0,0,0,0,0
10604,10400,0,0,0,0,0,0
10605,10400,0,0,0,0,0,0
10607,10400,0,0,0,0,0,0
10608,10400,0,0,0,0,0,0
10609,10400,0,0,0,0,0,0
10610,10400,0,0,0,0,0,0
10612,10400,0,0,0,0,0,0
10614,10400,0,0,0,0,0,0
10615,10400,0,0,0,0,0,0
10616,10400,0,0,0,0,0,0
10617,10400,0,0,0,0,0,0
10618,10400,0,0,0,0,0,0
10619,10400,0,0,0,0,0,0
10620,10400,0,0,0,0,0,0
10621,10400,0,0,0,0,0,0
10622,10400,0.34,0,0,0,0,0
10622,10400,0.34,0,0,0,0,0
10623,10400,0,0,0,0,0,0
10624,10400,0.03,0,0,0,0,0
10625,10400,0,0,0,0,0,0
10626,10400,0,0,0,0,0,0
10627,10400,0,0,0,0,0,0
10628,10400,0,0,0,0,0,0
10629,10400,0,0,0,0,0,0
10630,10400,0,0,0,0,0,0
10349,10400,0,0,0,0,0,0
10350,10400,0,0,0,0,0,0
10355,10400,0,0,0,0,0,0
10353,10400,0,0,0,0,0,0
10357,10400,0,0,0,0,0,0
10354,10400,0,0,0,0,0,0
10354,10400,0,0,0,0,0,0
10354,10400,0,0,0,0,0,0
10359,10400,0,0,0,0,0,0
10362,10400,0.31,0.06,0,0,0,0
10361,10400,0,0,0,0,0,0
10363,10400,0,0,0,0,0,0
10363,10400,0,0,0,0,0,0
10363,10400,0,0,0,0,0,0
10363,10400,0,0,0,0,0,0
10360,10400,0,0,0,0,0,0
10356,10400,0,0,0,0,0,0
10358,10400,0,0,0,0,0,0
10364,10400,0,0,0,0,0,0
10380,10400,0,0,0,0,0,0
10365,10400,0.025,0,0,0,0,0
10366,10400,0,0,0,0,0,0
10367,10400,0,0,0,0,0,0
10368,10400,0.31,0,0,0,0,0
10368,10400,0.31,0,0,0,0,0
10369,10400,0,0,0,0,0,0
10370,10400,0,0.2,0,0,0,0
10391,10400,0,0,0,0,0,0
10391,10400,0,0,0,0,0,0
10391,10400,0,0,0,0,0,0
10391,10400,0,0,0,0,0,0
10390,10400,0,0,0,0,0,0
10390,10400,0,0,0,0,0,0
10390,10400,0,0,0,0,0,0
10385,10400,0,0,0,0,0,0
10386,10400,0,0,0,0,0,0
10386,10400,0,0,0,0,0,0
10375,10400,0,0,0,0,0,0
10375,10400,0,0,0,0,0,0
10387,10400,0,0,0,0,0,0
10388,10400,0,0,0,0,0,0
10379,10400,0,0,0,0,0,0
10249,10400,0,0,0,0,0,0
10248,10400,0,0,0,0,0,0
10384,10400,0,0,0,0,0,0
10383,10400,0,0,0,0,0,0
10383,10400,0,0,0,0,0,0
10382,10400,0,0,0,0,0,0
10376,10400,0,0,0,0,0,0
10374,10400,0,0,0,0,0,0
10341,10400,0,0,0,0,0,0
10195,10400,0,0,0,0,0,0
10381,10400,0,0,0,0,0,0
10371,10400,0,0,0,0,0,0
10378,10400,0,0,0,0,0,0
10389,10400,0,0,0,0,0,0
10373,10400,0,0,0,0,0,0
10631,10400,0,0,0,0,0,0
10372,10400,0,0,0,0,0,0
10250,10400,0,0,0,0,0,0
10250,10400,0,0,0,0,0,0
10634,10400,0,0,0,0,0,0
10635,10400,0,0,0,0,0,0
10636,10400,0,0,0,0,0,0
10637,10400,0,0,0,0,0,0
10638,10400,0,0,0,0,0,0
10638,10400,0,0,0,0,0,0
10639,10400,0,0,0,0,0,0
10640,10400,0,0,0,0,0,0
10641,10400,0,0,0,0,0,0
10642,10400,0,0,0,0,0,0
10643,10400,0,0,0,0,0,0
10644,10400,1.19,0.31,0,0,0,0
10645,10400,0,0,0,0,0,0
10401,10241,42.625,14.835,0,0.485,0,0
10401,10240,0,0,0,0,0,0
10401,10392,2.37,0.61,0,0.02,0,0
10401,10243,20,2.65,0,0.395,1.135,0.685
10401,10243,20,2.65,0,0.395,1.135,0.685
10401,10244,0,0,2.765,0,0,1.56
10401,10246,0,0,0,0,0,0
10401,10245,0,0,0,0,0,0
10401,10247,0,0,1.105,0,0,1.09
10401,10247,0,0,1.105,0,0,1.09
10401,10247,0,0,1.105,0,0,1.09
10401,10247,0,0,1.105,0,0,1.09
10401,10256,0,0,0.395,0,0,0.1
10401,10002,0,0,2.24,0,0,0.265
10401,10001,0,0,0,0,0,0
10401,10003,0,0,0,0,0,0
10401,10346,0,0,0,0,0,0
10401,10347,16.995,5.82,10.485,0,0.33,0
10401,10100,0,0,0,0,0,0
10401,10099,0,0,0,0,0,0
10401,10101,0,0,0,0,0,0
10401,10102,0,0,0,0,0,0
10401,10098,0,0,0,0,0,0
10401,10097,0,0,0,0,0,0
10401,10103,0,0,0,0,0,0
10401,10104,0,0,0,0,0,0
10401,10105,0,0,0,0,0,0
10401,10106,0,0,0,0,0,0
10401,10107,0,0,0,0,0,0
10401,10108,0,0,0,0,0,0
10401,10109,0,0,0,0,0,0
10401,10110,0,0,0,0,0,0
10401,10113,0,0,0,0,0,0
10401,10114,0,0,0,0,0,0
10401,10111,0,0,0,0,0,0
10401,10112,0,0,0,0,0,0
10401,10118,0,0,0,0,0,0
10401,10116,0,0,0,0,0,0
10401,10115,0,0,0,0,0,0
10401,10117,0,0,0,0,0,0
10401,10121,0,0,0,0,0,0
10401,10120,0,0,0,0,0,0
10401,10122,0,0,0,0,0,0
10401,10123,0,0,0,0,0,0
10401,10124,0,0,0,0,0,0
10401,10400,0,0,0,0,0,0
10401,10125,0,0,0,0,0,0
10401,10126,0,0,0,0,0,0
10401,10127,0,0,0,0,0,0
10401,10128,0,0,0,0,0,0
10401,10129,0,0,0,0,0,0
10401,10130,0,0,0,0,0,0
10401,10131,0,0,0,0,0,0
10401,10132,0,0,0,0,0,0
10401,10133,0,0,0,0,0,0
10401,10134,0,0,0,0,0,0
10401,10135,0,0,0,0,0,0
10401,10136,0,0,0,0,0,0
10401,10137,0,0,0,0,0,0
10401,10138,0,0,0,0,0,0
10401,10139,0,0,0,0,0,0
10401,10140,0,0,0,0,0,0
10401,10146,0,0,0,0,0,0
10401,10145,0,0,0,0,0,0
10401,10147,0,0,0,0,0,0
10401,10144,0,0,0,0,0,0
10401,10152,0,0,0,0,0,0
10401,10152,0,0,0,0,0,0
10401,10150,0,0,0,0,0,0
10401,10150,0,0,0,0,0,0
10401,10154,0,0,0,0,0,0
10401,10149,0,0,0,0,0,0
10401,10155,0,0,0,0,0,0
10401,10148,0,0,0,0,0,0
10401,10141,0,0,0,0,0,0
10401,10142,0,0,0,0,0,0
10401,10143,0,0,0,0,0,0
10401,10156,0,0,0,0,0,0
10401,10158,0,0,0,0,0,0
10401,10159,0,0,0,0,0,0
10401,10160,0,0,0,0,0,0
10401,10161,0,0,0,0,0,0
10401,10162,0,0,0,0,0,0
10401,10163,0,0,0,0,0,0
10401,10164,0,0,0,0,0,0
10401,10157,0,0,0,0,0,0
10401,10401,0,0,0,0,0,0
10401,10166,0,0,0,0,0,0
10401,10165,0,0,0,0,0,0
10401,10167,0,0,0,0,0,0
10401,10168,0,0,0,0,0,0
10401,10169,0,0,0,0,0,0
10401,10170,0,0,0,0,0,0
10401,10171,0,0,0,0,0,0
10401,10172,0,0,0,0,0,0
10401,10173,0,0,0,0,0,0
10401,10174,0,0,0,0,0,0
10401,10175,0,0,0,0,0,0
10401,10176,0,0,0,0,0,0
10401,10177,0,0,0,0,0,0
10401,10178,0,0,0,0,0,0
10401,10179,0,0,0,0,0,0
10401,10180,0,0,0,0,0,0
10401,10181,473.47,151.72,0,2.835,2.625,0
10401,10182,0,0,0,0,0,0
10401,10183,0,0,0,0,0,0
10401,10184,0,0,0,0,0,0
10401,10185,260.35,92.165,0,2.18,1.555,0
10401,10186,0,0,0,0,0,0
10401,10093,0,0,0,0,0,0
10401,10094,0,0,0,0,0,0
10401,10095,0,0,0,0,0,0
10401,10096,0,0,0,0,0,0
10401,10087,0,0,0,0,0,0
10401,10088,0,0,0,0,0,0
10401,10089,0,0,0,0,0,0
10401,10090,0,0,0,0,0,0
10401,10091,0,0,0,0,0,0
10401,10092,0,0,0,0,0,0
10401,10081,0,0,0,0,0,0
10401,10082,0,0,0,0,0,0
10401,10083,0,0,0,0,0,0
10401,10084,0,0,0,0,0,0
10401,10085,0,0,0,0,0,0
10401,10086,0,0,0,0,0,0
10401,10076,4.62,1.535,0,0.025,0.08,0
10401,10077,0,0,0,0,0,0
10401,10079,0,0,0,0,0,0
10401,10080,0,0,0,0,0,0
10401,10396,0,0,0,0,0,0
10401,10402,0,0,0,0,0,0
10401,10070,0,0,0,0,0,0
10401,10071,20.59,9.065,0,0,0.72,0
10401,10072,1.885,0.75,0,0,0,0
10401,10073,0,0,0,0,0,0
10401,10074,0,0,0,0,0,0
10401,10075,0,0,0,0,0,0
10401,10403,0,0,0,0,0,0
10401,10404,0,0,0,0,0,0
10401,10405,0,0,0,0,0,0
10401,10406,0,0,0,0,0,0
10401,10407,57.08,25.68,0,0.42,0.305,0
10401,10408,13.21,5.5,0,0,0.025,0
10401,10409,0,0,0,0,0,0
10401,10410,0,0,0,0,0,0
10401,10411,0,0,0,0,0,0
10401,10412,0,0,0,0,0,0
10401,10413,14.665,4.82,0,0.325,0,0
10401,10414,51.475,16.91,0,0.18,1.035,0
10401,10415,35.06,12.095,0,0.27,0.065,0
10401,10415,35.06,12.095,0,0.27,0.065,0
10401,10416,4.995,1.32,0,0.355,0.05,0
10401,10417,18.84,8.605,0,0,0.025,0
10401,10418,12.515,5.675,0,0,0,0
10401,10419,5.665,3.9,0,0,0,0
10401,10420,82.44,35.11,0,0.33,0.845,0
10401,10420,82.44,35.11,0,0.33,0.845,0
10401,10421,40.14,14.35,0,0.915,0.185,0
10401,10422,18.23,4.275,0,0.395,1.545,0
10401,10423,9.685,4.125,0,0,0.16,0
10401,10424,20.045,5.96,0,0,0.39,0
10401,10424,20.045,5.96,0,0,0.39,0
10401,10425,0,0,0,0,0,0
10401,10426,0,0,0,0,0,0
10401,10427,19.345,7.925,0,0.025,0.81,0
10401,10428,10.545,3.105,0,0,0,0
10401,10429,8.72,2.6,0,0.375,0.29,0
10401,10430,12.255,5.18,0,0,0,0
10401,10187,141.79,57.315,0,1.22,1.27,0
10401,10188,0,0,0,0,0,0
10401,10189,0,0,0,0,0,0
10401,10194,0,0,0,0,0,0
10401,10190,315.94,135.16,0,1.735,2.625,0
10401,10192,0,0,0,0,0,0
10401,10190,315.94,135.16,0,1.735,2.625,0
10401,10192,0,0,0,0,0,0
10401,10068,0,0,0,0,0,0
10401,10062,37.09,15.99,0,0.635,0.45,0
10401,10063,350.93,134.94,0,5.79,6.96,0
10401,10066,0,0,0,0,0,0
10401,10063,350.93,134.94,0,5.79,6.96,0
10401,10066,0,0,0,0,0,0
10401,10067,0,0,0,0,0,0
10401,10296,97.355,43.11,0,0,0.685,0
10401,10297,0,0,0,0,0,0
10401,10298,0,0,0,0,0,0
10401,10299,0,0,0,0,0,0
10401,10300,0,0,0,0,0,0
10401,10301,0,0,0,0,0,0
10401,10302,0,0,0,0,0,0
10401,10303,105.17,49.92,0,0,0.03,0
10401,10304,0,0,0,0,0,0
10401,10305,0,0,0,0,0,0
10401,10431,0,0,0,0,0,0
10401,10432,0,0,0,0,0,0
10401,10433,0,0,0,0,0,0
10401,10434,0,0,0,0,0,0
10401,10434,0,0,0,0,0,0
10401,10435,4.505,3.635,0,0,0,0
10401,10435,4.505,3.635,0,0,0,0
10401,10436,12.84,4.09,0,1.105,0,0
10401,10437,1.625,0.69,0,0,0,0
10401,10438,0,0,0,0,0,0
10401,10439,0,0,0,0,0,0
10401,10440,5.065,2.82,0,0,0,0
10401,10207,142.29,51.565,6.485,1.965,5.74,0.46
10401,10206,0,0,0,0,0,0
10401,10441,0.145,0.205,0,0,0,0
10401,10442,0,0,0,0,0,0
10401,10443,0,0,0,0,0,0
10401,10444,0,0,0,0,0,0
10401,10443,0,0,0,0,0,0
10401,10444,0,0,0,0,0,0
10401,10445,0,0,0,0,0,0
10401,10446,0,0,0,0,0,0
10401,10447,0,0,0,0,0,0
10401,10448,0,0,0,0,0,0
10401,10449,0,0,0,0,0,0
10401,10450,0,0,0,0,0,0
10401,10451,0,0,0,0,0,0
10401,10452,6.97,1.535,0,0,0.03,0
10401,10453,2.49,0.725,0,0,0,0
10401,10454,0,0,0,0,0,0
10401,10455,0,0,0,0,0,0
10401,10456,0,0,0,0,0,0
10401,10457,10.175,4.885,0,0,0.645,0
10401,10458,0,0,0,0,0,0
10401,10459,0,0,0,0,0,0
10401,10460,0,0,0,0,0,0
10401,10461,0,0,0,0,0,0
10401,10462,4.205,0.845,0,0,0,0
10401,10463,0,0,0,0,0,0
10401,10464,81.745,28.33,0,4.375,10.17,0
10401,10463,0,0,0,0,0,0
10401,10464,81.745,28.33,0,4.375,10.17,0
10401,10043,16.05,7.375,0,0.025,0,0
10401,10044,0,0,0,0,0,0
10401,10045,0,0,0,0,0,0
10401,10048,99.175,37.26,0,1.985,2.56,0
10401,10322,0,0,0,0,0,0
10401,10322,0,0,0,0,0,0
10401,10045,0,0,0,0,0,0
10401,10048,99.175,37.26,0,1.985,2.56,0
10401,10319,0,0,0,0,0,0
10401,10320,4.8,1.84,0,0,0,0
10401,10321,0,0,0,0,0,0
10401,10318,10.72,5.455,0,0,0,0
10401,10465,2.12,1.245,0,0,0,0
10401,10466,0,0,0,0,0,0
10401,10467,0,0,0,0,0,0
10401,10468,3.055,0.21,0,0,0,0
10401,10469,2.5,0.625,0,0,0,0
10401,10470,0,0,0,0,0,0
10401,10471,5.125,2.385,0,0,0,0
10401,10472,4.81,1.25,0,0,0.03,0
10401,10473,0,0,0,0,0,0
10401,10474,3.465,0.97,0,0,0,0
10401,10475,0,0,0,0,0,0
10401,10476,0,0,0,0,0,0
10401,10477,0,0,0,0,0,0
10401,10478,0,0,0,0,0,0
10401,10479,0,0,0,0,0,0
10401,10480,6.7,4.055,0,0,0.05,0
10401,10397,69.06,21.69,0,0.125,0.57,0
10401,10397,69.06,21.69,0,0.125,0.57,0
10401,10481,0,0,0,0,0,0
10401,10482,0,0,0,0,0,0
10401,10483,0,0,0,0,0,0
10401,10484,4.56,1.74,0,0,0,0
10401,10485,0.755,0.325,0,0,0.055,0
10401,10486,0,0,0,0,0,0
10401,10487,13.865,3.91,0,0.24,0,0
10401,10488,2.655,1.02,0,0,0.05,0
10401,10489,0,0,0,0,0,0
10401,10490,0,0,0,0,0,0
10401,10491,1.235,0.63,0,0,0,0
10401,10492,0,0,0,0,0,0
10401,10493,0,0,0,0,0,0
10401,10494,0,0,0,0,0,0
10401,10495,0,0,0,0,0,0
10401,10496,0.09,0.03,0,0,0,0
10401,10497,0,0,0,0,0,0
10401,10498,0,0,0,0,0,0
10401,10499,0.09,0.03,0,0,0,0
10401,10500,2.7,0.695,0,0,0.05,0
10401,10500,2.7,0.695,0,0,0.05,0
10401,10501,0.155,0,0,0,0,0
10401,10502,0,0,0,0,0,0
10401,10502,0,0,0,0,0,0
10401,10503,0,0,0,0,0,0
10401,10504,0,0,0,0,0,0
10401,10504,0,0,0,0,0,0
10401,10505,0,0,0,0,0,0
10401,10505,0,0,0,0,0,0
10401,10506,26.21,8.065,0,0.02,0.13,0
10401,10506,26.21,8.065,0,0.02,0.13,0
10401,10508,24.215,6.495,0,0,0.085,0
10401,10508,24.215,6.495,0,0,0.085,0
10401,10509,13.335,3.945,0,0.06,0.06,0
10401,10509,13.335,3.945,0,0.06,0.06,0
10401,10510,9.155,3.775,0,0,0,0
10401,10510,9.155,3.775,0,0,0,0
10401,10511,24.43,9.62,0,0.04,0.04,0
10401,10514,0,0,0,0,0,0
10401,10515,4.845,3.565,0,0,0,0
10401,10516,13.395,4.795,0,0,0.34,0
10401,10517,4.345,1.495,0,0,0,0
10401,10335,15.64,4.865,0,0,0.23,0
10401,10334,13.17,3.59,0,0,0,0
10401,10334,13.17,3.59,0,0,0,0
10401,10518,0,0,0,0,0,0
10401,10519,0,0,0,0,0,0
10401,10520,0,0,0,0,0,0
10401,10521,0,0,0,0,0,0
10401,10522,0,0,0,0,0,0
10401,10523,0,0,0,0,0,0
10401,10523,0,0,0,0,0,0
10401,10524,0,0,0,0,0,0
10401,10524,0,0,0,0,0,0
10401,10525,0,0,0,0,0,0
10401,10526,0,0,0,0,0,0
10401,10527,0,0,0,0,0,0
10401,10528,0,0,0,0,0,0
10401,10529,8.945,3.125,0,0,0,0.37
10401,10530,0.525,0.275,0,0,0,0
10401,10531,2.435,0.58,0,0,0,0
10401,10532,1.015,0.465,0,0,0,0
10401,10532,1.015,0.465,0,0,0,0
10401,10533,0,0,0,0,0,0
10401,10534,3.875,1.03,0,0,0,0
10401,10534,3.875,1.03,0,0,0,0
10401,10536,1.76,0.12,0,0,0,0
10401,10537,8.58,3.375,0,0.395,0.055,0
10401,10537,8.58,3.375,0,0.395,0.055,0
10401,10538,9.95,3.245,0,0,0.205,0
10401,10539,0,0,0,0,0,0
10401,10540,3.685,0.53,0,0,0,0
10401,10540,3.685,0.53,0,0,0,0
10401,10541,0,0,0,0,0,0
10401,10542,0,0,0,0,0,0
10401,10542,0,0,0,0,0,0
10401,10543,0.595,0.395,0,0,0,0
10401,10393,7.41,1.86,0,0,0,0
10401,10394,0.455,0.17,0,0,0,0
10401,10395,31.79,8.905,0,0.24,0,0
10401,10238,0,0,0.36,0,0,0
10401,10238,0,0,0.36,0,0,0
10401,10324,14.33,5.53,0,0.32,0,0
10401,10325,8.4,3.74,0,0,0,0
10401,10326,17.075,6.655,0,0,0,0
10401,10327,33.32,10.965,0,0,0.025,0
10401,10351,16.355,5.35,0,0,0.49,0
10401,10351,16.355,5.35,0,0,0.49,0
10401,10051,9.92,5.25,0,0.35,0.02,0
10401,10352,11.28,4.335,0,0.115,0,0
10401,10352,11.28,4.335,0,0.115,0,0
10401,10328,6.69,2.885,0,0.025,0,0
10401,10333,7.22,3.165,0,0,0,0
10401,10544,0,0,0,0,0,0
10401,10545,0,0,0,0,0,0
10401,10546,0,0,0,0,0,0
10401,10547,0,0,0,0,0,0
10401,10548,0.36,0.3,0,0,0,0
10401,10549,4.005,0.775,0,0,0,0
10401,10550,0,0,0,0,0,0
10401,10550,0,0,0,0,0,0
10401,10551,0,0,0,0,0,0
10401,10552,3.195,1.645,0,0,0,0
10401,10553,0,0,0,0,0,0
10401,10554,0,0,0,0,0,0
10401,10555,0,0,0,0,0,0
10401,10556,0,0,0,0,0,0
10401,10557,0,0,0,0,0,0
10401,10558,0,0,0,0,0,0
10401,10559,5.195,1.37,0,0,0.35,0
10401,10560,0,0,0,0,0,0
10401,10561,1.71,0.705,0,0,0,0
10401,10562,0,0,0,0,0,0
10401,10563,0.29,0.09,0,0,0,0
10401,10563,0.29,0.09,0,0,0,0
10401,10564,0,0,0,0,0,0
10401,10565,11.68,5.11,0,0,0.025,0
10401,10567,0,0,0,0,0,0
10401,10567,0,0,0,0,0,0
10401,10568,0,0,0,0,0,0
10401,10569,0,0,0,0,0,0
10401,10570,0,0,0,0,0,0
10401,10571,0,0,0,0,0,0
10401,10572,1.12,0.335,0,0,0.035,0
10401,10573,0,0,0,0,0,0
10401,10574,0.45,0,0,0,0,0
10401,10575,1.14,0.575,0,0,0,0
10401,10576,1.395,0.04,0,0,0,0
10401,10577,1.18,1.14,0,0,0,0
10401,10578,0.335,0.3,0,0,0,0
10401,10579,1.12,0.47,0,0,0,0
10401,10580,0,0,0,0,0,0
10401,10581,1.065,0.32,0,0,0.025,0
10401,10582,0.455,0.37,0,0,0,0
10401,10583,0,0,0,0,0,0
10401,10585,1.55,1.765,0,0,0,0
10401,10587,0,0,0,0,0,0
10401,10588,0.885,0.475,0,0,0,0
10401,10589,0.44,0.48,0,0,0,0
10401,10590,0.815,0.595,0,0,0,0
10401,10591,0,0,0,0,0,0
10401,10592,9.67,3.765,0,0,0.235,0
10401,10593,0,0,0,0,0,0
10401,10594,0,0,0,0,0,0
10401,10595,0,0,0,0,0,0
10401,10596,0.3,0.19,0,0,0,0
10401,10597,0,0,0,0,0,0
10401,10598,0,0,0,0,0,0
10401,10599,0,0,0,0,0,0
10401,10600,0,0,0,0,0,0
10401,10601,0,0,0,0,0,0
10401,10602,0,0,0,0,0,0
10401,10603,0,0,0,0,0,0
10401,10604,0,0,0,0,0,0
10401,10605,0,0,0,0,0,0
10401,10607,0,0,0,0,0,0
10401,10608,0,0,0,0,0,0
10401,10609,0,0,0,0,0,0
10401,10610,0,0,0,0,0,0
10401,10612,0,0,0,0,0,0
10401,10614,0,0,0,0,0,0
10401,10615,0,0,0,0,0,0
10401,10616,1.48,0.665,0,0,0.075,0
10401,10617,0,0,0,0,0,0
10401,10618,0,0,0,0,0,0
10401,10619,0,0,0,0,0,0
10401,10620,0.08,0.02,0,0,0,0
10401,10621,2.505,0.72,0,0,0.02,0
10401,10622,5.695,2.48,0,0,0,0
10401,10622,5.695,2.48,0,0,0,0
10401,10623,0,0,0,0,0,0
10401,10624,2.065,0.22,0,0,0,0
10401,10625,0,0,0,0,0,0
10401,10626,0,0,0,0,0,0
10401,10627,0,0,0,0,0,0
10401,10628,0,0,0,0,0,0
10401,10629,0,0,0,0,0,0
10401,10630,0,0,0,0,0,0
10401,10349,11.69,5.825,0,0.375,0,0
10401,10350,4.845,2.855,0,0.325,0.27,0
10401,10355,4.11,1.405,0,0,0,0
10401,10353,8.02,3.345,0,0,0,0
10401,10357,3.09,0.86,0,0,0,0
10401,10354,4.075,2.25,0,0,0,0
10401,10354,4.075,2.25,0,0,0,0
10401,10354,4.075,2.25,0,0,0,0
10401,10359,8.095,2.34,0,0,0.29,0
10401,10362,0.535,0.485,0,0,0,0
10401,10361,2.28,0.375,0,0,0,0
10401,10363,1.77,1.1,0,0,0,0
10401,10363,1.77,1.1,0,0,0,0
10401,10363,1.77,1.1,0,0,0,0
10401,10363,1.77,1.1,0,0,0,0
10401,10360,0.555,0.285,0,0,0,0
10401,10356,8.57,4.625,0,0,0,0
10401,10358,5.445,4.15,0,0,0,0
10401,10364,4.605,1.185,0,0,0,0
10401,10380,3.66,0.955,0,0,0,0
10401,10365,4.67,0.73,0,0,0,0
10401,10366,0,0,0,0,0,0
10401,10367,1.855,0.48,0,0,0,0
10401,10368,1.6,1.485,0,0.315,0,0
10401,10368,1.6,1.485,0,0.315,0,0
10401,10369,0.355,0.195,0,0,0,0
10401,10370,1.38,0.555,0,0,0,0
10401,10391,0,0,0,0,0,0
10401,10391,0,0,0,0,0,0
10401,10391,0,0,0,0,0,0
10401,10391,0,0,0,0,0,0
10401,10390,0,0,0,0,0,0
10401,10390,0,0,0,0,0,0
10401,10390,0,0,0,0,0,0
10401,10385,6.08,2.285,0,0,0.395,0
10401,10386,4.39,1.315,0,0,0.05,0
10401,10386,4.39,1.315,0,0,0.05,0
10401,10375,1.34,0,0,0,0,0
10401,10375,1.34,0,0,0,0,0
10401,10387,1.68,0,0,0,0,0
10401,10388,0,0,0,0,0,0
10401,10379,0,0,0,0,0,0
10401,10249,0,0,0,0,0,0
10401,10248,0,0,0,0,0,0
10401,10384,0,0,0,0,0,0
10401,10383,2.72,2.965,0,0,0,0
10401,10383,2.72,2.965,0,0,0,0
10401,10382,4.19,1.61,0,0,0,0
10401,10376,2.675,2.92,0,0,0,0
10401,10374,0,0,0.81,0,0,1.31
10401,10341,7.495,3.525,0,0,0.19,0
10401,10195,0,0,0,0,0,0
10401,10381,2.32,1.42,0,0,0,0
10401,10371,0,0,0,0,0,0
10401,10378,0,0,0,0,0,0
10401,10389,0,0,0,0,0,0
10401,10373,0,0,0.48,0,0,0.605
10401,10631,0,0,0,0,0,0
10401,10372,0,0,0,0,0,0
10401,10250,0,0,0.67,0,0,0
10401,10250,0,0,0.67,0,0,0
10401,10634,5.985,1.44,0,0,0,0
10401,10635,2.965,1.265,0,0,0,0
10401,10636,0,0,0,0,0,0
10401,10637,0,0,0,0,0,0
10401,10638,0.225,0.065,0,0,0,0
10401,10638,0.225,0.065,0,0,0,0
10401,10639,0.795,0.26,0,0,0,0
10401,10640,0,0,0,0,0,0
10401,10641,0,0,0,0,0,0
10401,10642,0,0,0,0,0,0
10401,10643,0,0,0,0,0,0
10401,10644,9.195,3.86,0,0,0,0
10401,10645,0,0,0,0,0,0
10402,10241,0,0,0,0,0,0
10402,10240,0,0,0,0,0,0
10402,10392,0,0,0,0,0,0
10402,10243,0,0,0,0,0,0
10402,10243,0,0,0,0,0,0
10402,10244,0,0,0,0,0,0
10402,10246,0,0,0,0,0,0
10402,10245,0,0,0,0,0,0
10402,10247,0,0,0,0,0,0
10402,10247,0,0,0,0,0,0
10402,10247,0,0,0,0,0,0
10402,10247,0,0,0,0,0,0
10402,10256,0,0,0,0,0,0
10402,10002,0,0,0,0,0,0
10402,10001,0,0,0,0,0,0
10402,10003,0,0,0,0,0,0
10402,10346,0,0,0,0,0,0
10402,10347,0,0,0,0,0,0
10402,10100,2601.1,1079.4,0,35.41,41.51,0
10402,10099,150.84,108.36,0,5.525,1.35,0
10402,10101,0,0,0,0,0,0
10402,10102,0,0,0,0,0,0
10402,10098,0,0,0,0,0,0
10402,10097,0,0,0,0,0,0
10402,10103,0,0,0,0,0,0
10402,10104,0,0,0,0,0,0
10402,10105,64.975,33.885,0,1.79,1.045,0
10402,10106,0,0,0,0,0,0
10402,10107,0,0,0,0,0,0
10402,10108,0,0,0,0,0,0
10402,10109,44.5,21.915,0,0.975,1.225,0
10402,10110,0,0,0,0,0,0
10402,10113,0,0,0,0,0,0
10402,10114,0,0,0,0,0,0
10402,10111,633.6,251.57,0,8.29,16.025,0
10402,10112,567.75,220.72,0,16.79,19.015,0
10402,10118,0,0,0,0,0,0
10402,10116,0,0,0,0,0,0
10402,10115,0,0,0,0,0,0
10402,10117,0,0,0,0,0,0
10402,10121,0,0,0,0,0,0
10402,10120,0,0,0,0,0,0
10402,10122,0.86,0.665,0,0.055,0.055,0
10402,10123,0,0,0,0,0,0
10402,10124,0,0,0,0,0,0
10402,10400,5.245,1.945,0,0.1,0.37,0
10402,10125,0,0,0,0,0,0
10402,10126,20.605,9.265,0,0.24,0.3,0
10402,10127,0,0,0,0,0,0
10402,10128,0,0,0,0,0,0
10402,10129,0,0,0,0,0,0
10402,10130,7.035,3.665,0,0.08,0.33,0
10402,10131,0,0,0,0,0,0
10402,10132,0,0,0,0,0,0
10402,10133,19.21,8.225,0,0.045,0.64,0
10402,10134,0,0,0,0,0,0
10402,10135,0,0,0,0,0,0
10402,10136,0,0,0,0,0,0
10402,10137,0,0,0,0,0,0
10402,10138,0,0,0,0,0,0
10402,10139,42.715,13.07,0,0.38,0,0
10402,10140,0,0,0,0,0,0
10402,10146,0,0,0,0,0,0
10402,10145,0,0,0,0,0,0
10402,10147,0,0,0,0,0,0
10402,10144,25.275,11.47,0,0.045,0,0
10402,10152,0,0,0,0,0,0
10402,10152,0,0,0,0,0,0
10402,10150,215.69,83.83,0,1.96,2.89,0
10402,10150,215.69,83.83,0,1.96,2.89,0
10402,10154,0,0,0,0,0,0
10402,10149,0,0,0,0,0,0
10402,10155,6.91,2.215,0,0,0.18,0
10402,10148,0,0,0,0,0,0
10402,10141,0,0,0,0,0,0
10402,10142,0,0,0,0,0,0
10402,10143,0,0,0,0,0,0
10402,10156,0,0,0,0,0,0
10402,10158,0,0,0,0,0,0
10402,10159,12.565,2.545,0,0,0,0
10402,10160,0,0,0,0,0,0
10402,10161,0,0,0,0,0,0
10402,10162,0.085,0.225,0,0,0,0
10402,10163,0,0,0,0,0,0
10402,10164,0,0,0,0,0,0
10402,10157,0,0,0,0,0,0
10402,10401,0,0,0,0,0,0
10402,10166,0.06,0.06,0,0,0,0
10402,10165,0,0,0,0,0,0
10402,10167,0.06,0,0,0,0,0
10402,10168,0,0,0,0,0,0
10402,10169,0,0,0,0,0,0
10402,10170,0,0,0,0,0,0
10402,10171,0,0,0,0,0,0
10402,10172,0,0,0,0,0,0
10402,10173,0,0,0,0,0,0
10402,10174,0,0,0,0,0,0
10402,10175,0,0,0,0,0,0
10402,10176,0,0,0,0,0,0
10402,10177,0,0,0,0,0,0
10402,10178,0,0,0,0,0,0
10402,10179,0,0,0,0,0,0
10402,10180,0,0,0,0,0,0
10402,10181,0,0,0,0,0,0
10402,10182,0,0,0,0,0,0
10402,10183,0,0,0,0,0,0
10402,10184,0,0,0,0,0,0
10402,10185,0,0,0,0,0,0
10402,10186,0,0,0,0,0,0
10402,10093,0,0,0,0,0,0
10402,10094,59.51,21.275,0,2.735,1.975,0
10402,10095,0,0,0,0,0,0
10402,10096,0,0,0,0,0,0
10402,10087,125.03,34.725,0,4.77,4.055,0
10402,10088,0,0,0,0,0,0
10402,10089,56.755,14.32,0,1.755,2.17,0
10402,10090,0,0,0,0,0,0
10402,10091,0,0,0,0,0,0
10402,10092,0,0,0,0,0,0
10402,10081,0,0,0,0,0,0
10402,10082,19.67,12.925,0,0.635,0.195,0
10402,10083,0,0,0,0,0,0
10402,10084,0,0,0,0,0,0
10402,10085,0,0,0,0,0,0
10402,10086,0,0,0,0,0,0
10402,10076,0,0,0,0,0,0
10402,10077,0,0,0,0,0,0
10402,10079,0,0,0,0,0,0
10402,10080,0,0,0,0,0,0
10402,10396,0,0,0,0,0,0
10402,10402,0,0,0,0,0,0
10402,10070,0,0,0,0,0,0
10402,10071,0,0,0,0,0,0
10402,10072,0,0,0,0,0,0
10402,10073,0,0,0,0,0,0
10402,10074,0,0,0,0,0,0
10402,10075,0,0,0,0,0,0
10402,10403,0,0,0,0,0,0
10402,10404,0,0,0,0,0,0
10402,10405,0,0,0,0,0,0
10402,10406,0,0,0,0,0,0
10402,10407,0,0,0,0,0,0
10402,10408,0,0,0,0,0,0
10402,10409,0,0,0,0,0,0
10402,10410,0,0,0,0,0,0
10402,10411,0,0,0,0,0,0
10402,10412,0,0,0,0,0,0
10402,10413,0,0,0,0,0,0
10402,10414,0,0,0,0,0,0
10402,10415,0,0,0,0,0,0
10402,10415,0,0,0,0,0,0
10402,10416,0,0,0,0,0,0
10402,10417,0,0,0,0,0,0
10402,10418,0,0,0,0,0,0
10402,10419,0,0,0,0,0,0
10402,10420,0,0,0,0,0,0
10402,10420,0,0,0,0,0,0
10402,10421,0,0,0,0,0,0
10402,10422,0,0,0,0,0,0
10402,10423,0,0,0,0,0,0
10402,10424,0,0,0,0,0,0
10402,10424,0,0,0,0,0,0
10402,10425,0,0,0,0,0,0
10402,10426,0,0,0,0,0,0
10402,10427,0,0,0,0,0,0
10402,10428,0,0,0,0,0,0
10402,10429,0,0,0,0,0,0
10402,10430,0,0,0,0,0,0
10402,10187,0,0,0,0,0,0
10402,10188,0,0,0,0,0,0
10402,10189,0,0,0,0,0,0
10402,10194,0,0,0,0,0,0
10402,10190,0,0,0,0,0,0
10402,10192,0,0,0,0,0,0
10402,10190,0,0,0,0,0,0
10402,10192,0,0,0,0,0,0
10402,10068,0,0,0,0,0,0
10402,10062,0,0,0,0,0,0
10402,10063,0,0,0,0,0,0
10402,10066,0,0,0,0,0,0
10402,10063,0,0,0,0,0,0
10402,10066,0,0,0,0,0,0
10402,10067,0,0,0,0,0,0
10402,10296,0,0,0,0,0,0
10402,10297,0,0,0,0,0,0
10402,10298,0,0,0,0,0,0
10402,10299,0,0,0,0,0,0
10402,10300,0,0,0,0,0,0
10402,10301,0,0,0,0,0,0
10402,10302,0,0,0,0,0,0
10402,10303,0,0,0,0,0,0
10402,10304,0,0,0,0,0,0
10402,10305,0,0,0,0,0,0
10402,10431,0,0,0,0,0,0
10402,10432,0,0,0,0,0,0
10402,10433,0,0,0,0,0,0
10402,10434,0,0,0,0,0,0
10402,10434,0,0,0,0,0,0
10402,10435,0,0,0,0,0,0
10402,10435,0,0,0,0,0,0
10402,10436,0,0,0,0,0,0
10402,10437,0,0,0,0,0,0
10402,10438,0,0,0,0,0,0
10402,10439,0,0,0,0,0,0
10402,10440,0,0,0,0,0,0
10402,10207,0,0,0,0,0,0
10402,10206,0,0,0,0,0,0
10402,10441,0,0,0,0,0,0
10402,10442,0,0,0,0,0,0
10402,10443,0,0,0,0,0,0
10402,10444,0,0,0,0,0,0
10402,10443,0,0,0,0,0,0
10402,10444,0,0,0,0,0,0
10402,10445,0,0,0,0,0,0
10402,10446,0,0,0,0,0,0
10402,10447,0,0,0,0,0,0
10402,10448,0,0,0,0,0,0
10402,10449,0,0,0,0,0,0
10402,10450,0,0,0,0,0,0
10402,10451,0,0,0,0,0,0
10402,10452,0,0,0,0,0,0
10402,10453,0,0,0,0,0,0
10402,10454,0,0,0,0,0,0
10402,10455,0,0,0,0,0,0
10402,10456,0,0,0,0,0,0
10402,10457,0,0,0,0,0,0
10402,10458,0,0,0,0,0,0
10402,10459,0,0,0,0,0,0
10402,10460,0,0,0,0,0,0
10402,10461,0,0,0,0,0,0
10402,10462,0,0,0,0,0,0
10402,10463,0,0,0,0,0,0
10402,10464,0,0,0,0,0,0
10402,10463,0,0,0,0,0,0
10402,10464,0,0,0,0,0,0
10402,10043,0,0,0,0,0,0
10402,10044,0,0,0,0,0,0
10402,10045,0,0,0,0,0,0
10402,10048,0,0,0,0,0,0
10402,10322,0,0,0,0,0,0
10402,10322,0,0,0,0,0,0
10402,10045,0,0,0,0,0,0
10402,10048,0,0,0,0,0,0
10402,10319,0,0,0,0,0,0
10402,10320,0,0,0,0,0,0
10402,10321,0,0,0,0,0,0
10402,10318,0,0,0,0,0,0
10402,10465,0,0,0,0,0,0
10402,10466,0,0,0,0,0,0
10402,10467,0,0,0,0,0,0
10402,10468,0,0,0,0,0,0
10402,10469,0,0,0,0,0,0
10402,10470,0,0,0,0,0,0
10402,10471,0,0,0,0,0,0
10402,10472,0,0,0,0,0,0
10402,10473,0,0,0,0,0,0
10402,10474,0,0,0,0,0,0
10402,10475,0,0,0,0,0,0
10402,10476,0,0,0,0,0,0
10402,10477,0,0,0,0,0,0
10402,10478,0,0,0,0,0,0
10402,10479,0,0,0,0,0,0
10402,10480,0,0,0,0,0,0
10402,10397,0,0,0,0,0,0
10402,10397,0,0,0,0,0,0
10402,10481,0,0,0,0,0,0
10402,10482,0,0,0,0,0,0
10402,10483,0,0,0,0,0,0
10402,10484,0,0,0,0,0,0
10402,10485,0,0,0,0,0,0
10402,10486,0,0,0,0,0,0
10402,10487,0,0,0,0,0,0
10402,10488,0,0,0,0,0,0
10402,10489,0,0,0,0,0,0
10402,10490,0,0,0,0,0,0
10402,10491,0,0,0,0,0,0
10402,10492,0,0,0,0,0,0
10402,10493,0,0,0,0,0,0
10402,10494,0,0,0,0,0,0
10402,10495,0,0,0,0,0,0
10402,10496,0,0,0,0,0,0
10402,10497,0,0,0,0,0,0
10402,10498,0,0,0,0,0,0
10402,10499,0,0,0,0,0,0
10402,10500,0,0,0,0,0,0
10402,10500,0,0,0,0,0,0
10402,10501,0,0,0,0,0,0
10402,10502,0,0,0,0,0,0
10402,10502,0,0,0,0,0,0
10402,10503,0,0,0,0,0,0
10402,10504,0,0,0,0,0,0
10402,10504,0,0,0,0,0,0
10402,10505,0,0,0,0,0,0
10402,10505,0,0,0,0,0,0
10402,10506,0,0,0,0,0,0
10402,10506,0,0,0,0,0,0
10402,10508,0,0,0,0,0,0
10402,10508,0,0,0,0,0,0
10402,10509,0,0,0,0,0,0
10402,10509,0,0,0,0,0,0
10402,10510,0,0,0,0,0,0
10402,10510,0,0,0,0,0,0
10402,10511,0,0,0,0,0,0
10402,10514,0,0,0,0,0,0
10402,10515,0,0,0,0,0,0
10402,10516,0,0,0,0,0,0
10402,10517,0,0,0,0,0,0
10402,10335,0,0,0,0,0,0
10402,10334,0,0,0,0,0,0
10402,10334,0,0,0,0,0,0
10402,10518,0,0,0,0,0,0
10402,10519,0,0,0,0,0,0
10402,10520,0,0,0,0,0,0
10402,10521,0,0,0,0,0,0
10402,10522,0,0,0,0,0,0
10402,10523,0,0,0,0,0,0
10402,10523,0,0,0,0,0,0
10402,10524,0,0,0,0,0,0
10402,10524,0,0,0,0,0,0
10402,10525,0,0,0,0,0,0
10402,10526,0,0,0,0,0,0
10402,10527,0,0,0,0,0,0
10402,10528,0,0,0,0,0,0
10402,10529,0,0,0,0,0,0
10402,10530,0,0,0,0,0,0
10402,10531,0,0,0,0,0,0
10402,10532,0,0,0,0,0,0
10402,10532,0,0,0,0,0,0
10402,10533,0,0,0,0,0,0
10402,10534,0,0,0,0,0,0
10402,10534,0,0,0,0,0,0
10402,10536,0,0,0,0,0,0
10402,10537,0,0,0,0,0,0
10402,10537,0,0,0,0,0,0
10402,10538,0,0,0,0,0,0
10402,10539,0,0,0,0,0,0
10402,10540,0,0,0,0,0,0
10402,10540,0,0,0,0,0,0
10402,10541,0,0,0,0,0,0
10402,10542,0,0,0,0,0,0
10402,10542,0,0,0,0,0,0
10402,10543,0,0,0,0,0,0
10402,10393,0,0,0,0,0,0
10402,10394,0,0,0,0,0,0
10402,10395,0,0,0,0,0,0
10402,10238,0,0,0,0,0,0
10402,10238,0,0,0,0,0,0
10402,10324,0,0,0,0,0,0
10402,10325,0,0,0,0,0,0
10402,10326,0,0,0,0,0,0
10402,10327,0,0,0,0,0,0
10402,10351,0,0,0,0,0,0
10402,10351,0,0,0,0,0,0
10402,10051,0,0,0,0,0,0
10402,10352,0,0,0,0,0,0
10402,10352,0,0,0,0,0,0
10402,10328,0,0,0,0,0,0
10402,10333,0,0,0,0,0,0
10402,10544,0,0,0,0,0,0
10402,10545,0,0,0,0,0,0
10402,10546,0,0,0,0,0,0
10402,10547,0,0,0,0,0,0
10402,10548,0,0,0,0,0,0
10402,10549,0,0,0,0,0,0
10402,10550,0,0,0,0,0,0
10402,10550,0,0,0,0,0,0
10402,10551,0,0,0,0,0,0
10402,10552,0,0,0,0,0,0
10402,10553,0,0,0,0,0,0
10402,10554,0,0,0,0,0,0
10402,10555,0,0,0,0,0,0
10402,10556,0,0,0,0,0,0
10402,10557,0,0,0,0,0,0
10402,10558,0,0,0,0,0,0
10402,10559,0,0,0,0,0,0
10402,10560,0,0,0,0,0,0
10402,10561,0,0,0,0,0,0
10402,10562,0,0,0,0,0,0
10402,10563,0,0,0,0,0,0
10402,10563,0,0,0,0,0,0
10402,10564,0,0,0,0,0,0
10402,10565,0,0,0,0,0,0
10402,10567,0,0,0,0,0,0
10402,10567,0,0,0,0,0,0
10402,10568,0,0,0,0,0,0
10402,10569,0,0,0,0,0,0
10402,10570,0,0,0,0,0,0
10402,10571,0,0,0,0,0,0
10402,10572,0,0,0,0,0,0
10402,10573,0,0,0,0,0,0
10402,10574,0,0,0,0,0,0
10402,10575,0,0,0,0,0,0
10402,10576,0,0,0,0,0,0
10402,10577,0,0,0,0,0,0
10402,10578,0,0,0,0,0,0
10402,10579,0,0,0,0,0,0
10402,10580,0,0,0,0,0,0
10402,10581,0,0,0,0,0,0
10402,10582,0,0,0,0,0,0
10402,10583,0,0,0,0,0,0
10402,10585,0,0,0,0,0,0
10402,10587,0,0,0,0,0,0
10402,10588,0,0,0,0,0,0
10402,10589,0,0,0,0,0,0
10402,10590,0,0,0,0,0,0
10402,10591,0,0,0,0,0,0
10402,10592,0,0,0,0,0,0
10402,10593,0,0,0,0,0,0
10402,10594,0,0,0,0,0,0
10402,10595,0,0,0,0,0,0
10402,10596,0,0,0,0,0,0
10402,10597,0,0,0,0,0,0
10402,10598,0,0,0,0,0,0
10402,10599,0,0,0,0,0,0
10402,10600,0,0,0,0,0,0
10402,10601,0,0,0,0,0,0
10402,10602,0,0,0,0,0,0
10402,10603,0,0,0,0,0,0
10402,10604,0,0,0,0,0,0
10402,10605,0,0,0,0,0,0
10402,10607,0,0,0,0,0,0
10402,10608,0,0,0,0,0,0
10402,10609,0,0,0,0,0,0
10402,10610,0,0,0,0,0,0
10402,10612,0,0,0,0,0,0
10402,10614,0,0,0,0,0,0
10402,10615,0,0,0,0,0,0
10402,10616,0,0,0,0,0,0
10402,10617,0,0,0,0,0,0
10402,10618,0,0,0,0,0,0
10402,10619,0,0,0,0,0,0
10402,10620,0,0,0,0,0,0
10402,10621,0,0,0,0,0,0
10402,10622,0,0,0,0,0,0
10402,10622,0,0,0,0,0,0
10402,10623,0,0,0,0,0,0
10402,10624,0,0,0,0,0,0
10402,10625,0,0,0,0,0,0
10402,10626,0,0,0,0,0,0
10402,10627,0,0,0,0,0,0
10402,10628,0,0,0,0,0,0
10402,10629,0,0,0,0,0,0
10402,10630,0,0,0,0,0,0
10402,10349,0,0,0,0,0,0
10402,10350,0,0,0,0,0,0
10402,10355,0,0,0,0,0,0
10402,10353,0,0,0,0,0,0
10402,10357,0,0,0,0,0,0
10402,10354,0,0,0,0,0,0
10402,10354,0,0,0,0,0,0
10402,10354,0,0,0,0,0,0
10402,10359,0,0,0,0,0,0
10402,10362,0,0,0,0,0,0
10402,10361,0,0,0,0,0,0
10402,10363,0,0,0,0,0,0
10402,10363,0,0,0,0,0,0
10402,10363,0,0,0,0,0,0
10402,10363,0,0,0,0,0,0
10402,10360,0,0,0,0,0,0
10402,10356,0,0,0,0,0,0
10402,10358,0,0,0,0,0,0
10402,10364,0,0,0,0,0,0
10402,10380,0,0,0,0,0,0
10402,10365,0,0,0,0,0,0
10402,10366,0,0,0,0,0,0
10402,10367,0,0,0,0,0,0
10402,10368,0,0,0,0,0,0
10402,10368,0,0,0,0,0,0
10402,10369,0,0,0,0,0,0
10402,10370,0,0,0,0,0,0
10402,10391,0,0,0,0,0,0
10402,10391,0,0,0,0,0,0
10402,10391,0,0,0,0,0,0
10402,10391,0,0,0,0,0,0
10402,10390,0,0,0,0,0,0
10402,10390,0,0,0,0,0,0
10402,10390,0,0,0,0,0,0
10402,10385,0,0,0,0,0,0
10402,10386,0,0,0,0,0,0
10402,10386,0,0,0,0,0,0
10402,10375,0,0,0,0,0,0
10402,10375,0,0,0,0,0,0
10402,10387,0,0,0,0,0,0
10402,10388,0,0,0,0,0,0
10402,10379,0,0,0,0,0,0
10402,10249,0,0,0,0,0,0
10402,10248,0,0,0,0,0,0
10402,10384,0,0,0,0,0,0
10402,10383,0,0,0,0,0,0
10402,10383,0,0,0,0,0,0
10402,10382,0,0,0,0,0,0
10402,10376,0,0,0,0,0,0
10402,10374,0,0,0,0,0,0
10402,10341,0,0,0,0,0,0
10402,10195,0,0,0,0,0,0
10402,10381,0,0,0,0,0,0
10402,10371,0,0,0,0,0,0
10402,10378,0,0,0,0,0,0
10402,10389,0,0,0,0,0,0
10402,10373,0,0,0,0,0,0
10402,10631,0,0,0,0,0,0
10402,10372,0,0,0,0,0,0
10402,10250,0,0,0,0,0,0
10402,10250,0,0,0,0,0,0
10402,10634,0,0,0,0,0,0
10402,10635,0,0,0,0,0,0
10402,10636,0,0,0,0,0,0
10402,10637,0,0,0,0,0,0
10402,10638,0,0,0,0,0,0
10402,10638,0,0,0,0,0,0
10402,10639,0,0,0,0,0,0
10402,10640,0,0,0,0,0,0
10402,10641,0,0,0,0,0,0
10402,10642,0,0,0,0,0,0
10402,10643,0,0,0,0,0,0
10402,10644,0,0,0,0,0,0
10402,10645,0,0,0,0,0,0
